cuvant,cautari_lunare_estimate,sursa_estimarii,volum_seranking,pozitia_gsc_7z,afisari_gsc_7z,clicuri_gsc_7z,pagina_noastra_gsc,dificultate,familie,cautare_google
calculator salariu net,90500,SE Ranking,90500,3.3,14332,264,salariile.ro/,,avem deja,https://www.google.ro/search?q=calculator+salariu+net
zile libere 2026,74000,SE Ranking,74000,11.5,48,0,salariile.ro/zile-libere-2026,,avem deja,https://www.google.ro/search?q=zile+libere+2026
calculator salariu,49500,SE Ranking,49500,3.4,7386,112,salariile.ro/,,avem deja,https://www.google.ro/search?q=calculator+salariu
calculator salarii,47500,SE Ranking,47500,2.6,2800,39,salariile.ro/,,avem deja,https://www.google.ro/search?q=calculator+salarii
calcul salariu net,33100,SE Ranking,33100,3.2,4981,114,salariile.ro/,,avem deja,https://www.google.ro/search?q=calcul+salariu+net
salariu minim pe economie,28821,afișări GSC × 30/7,18100,6.8,6725,38,salariile.ro/salariu-minim,93,avem deja,https://www.google.ro/search?q=salariu+minim+pe+economie
zile libere 2027,21484,afișări GSC × 30/7,,7.2,5013,18,salariile.ro/zile-libere-2027,,avem deja,https://www.google.ro/search?q=zile+libere+2027
calculator tva,18100,SE Ranking,18100,nu apărem,0,0,,54,tva,https://www.google.ro/search?q=calculator+tva
concediu medical,18100,SE Ranking,18100,nu apărem,0,0,,92,concediu medical,https://www.google.ro/search?q=concediu+medical
zile lucratoare 2026,17250,afișări GSC × 30/7,,5.6,4025,10,salariile.ro/zile-lucratoare-2026,,avem deja,https://www.google.ro/search?q=zile+lucratoare+2026
salariu net,14800,SE Ranking,14800,3.3,2578,59,salariile.ro/,,avem deja,https://www.google.ro/search?q=salariu+net
calcul salariu brut,14800,SE Ranking,14800,3.5,1349,16,salariile.ro/,,avem deja,https://www.google.ro/search?q=calcul+salariu+brut
calculator salariu brut,10800,SE Ranking,10800,3.6,1835,21,salariile.ro/,,avem deja,https://www.google.ro/search?q=calculator+salariu+brut
brut in net,9900,SE Ranking,9900,2.1,1439,41,salariile.ro/,,avem deja,https://www.google.ro/search?q=brut+in+net
salariul minim pe economie,9900,SE Ranking,9900,5.3,1071,12,salariile.ro/salariu-minim,89,avem deja,https://www.google.ro/search?q=salariul+minim+pe+economie
salariu brut,9900,SE Ranking,9900,3.5,1304,48,salariile.ro/,,avem deja,https://www.google.ro/search?q=salariu+brut
brut net,8000,SE Ranking,8000,4.3,695,8,salariile.ro/,,avem deja,https://www.google.ro/search?q=brut+net
salariu brut net,8000,SE Ranking,8000,2.1,1534,99,salariile.ro/,,avem deja,https://www.google.ro/search?q=salariu+brut+net
indemnizatie crestere copil,8000,SE Ranking,8000,nu apărem,0,0,,63,maternitate si crestere copil,https://www.google.ro/search?q=indemnizatie+crestere+copil
salariu minim pe economie 2026,7984,afișări GSC × 30/7,,7.0,1863,10,salariile.ro/salariu-minim,,avem deja,https://www.google.ro/search?q=salariu+minim+pe+economie+2026
calculator salarii 2026,7941,afișări GSC × 30/7,,3.0,1853,50,salariile.ro/,,avem deja,https://www.google.ro/search?q=calculator+salarii+2026
zile lucratoare septembrie 2026,7543,afișări GSC × 30/7,,4.0,1760,11,salariile.ro/zile-lucratoare-2026,,avem deja,https://www.google.ro/search?q=zile+lucratoare+septembrie+2026
salariu minim pe economie 2026 net,7024,afișări GSC × 30/7,,5.2,1639,17,salariile.ro/,,avem deja,https://www.google.ro/search?q=salariu+minim+pe+economie+2026+net
net brut,6600,SE Ranking,6600,3.5,194,2,salariile.ro/,,avem deja,https://www.google.ro/search?q=net+brut
calcul tva,6600,SE Ranking,6600,nu apărem,0,0,,42,tva,https://www.google.ro/search?q=calcul+tva
salariu minim pe economie iulie 2026,6034,afișări GSC × 30/7,,5.0,1408,3,salariile.ro/salariu-minim,,avem deja,https://www.google.ro/search?q=salariu+minim+pe+economie+iulie+2026
cumul pensie salariu,5700,SE Ranking,5700,nu apărem,0,0,,82,"pensie (proiect de lege, exclus)",https://www.google.ro/search?q=cumul+pensie+salariu
cerere demisie,5700,SE Ranking,5700,nu apărem,0,0,,55,demisie,https://www.google.ro/search?q=cerere+demisie
salariul minim net pe economie 2026,5387,afișări GSC × 30/7,,5.0,1257,11,salariile.ro/,,avem deja,https://www.google.ro/search?q=salariul+minim+net+pe+economie+2026
calculator salariu net 2026,4496,afișări GSC × 30/7,,2.4,1049,79,salariile.ro/,,avem deja,https://www.google.ro/search?q=calculator+salariu+net+2026
calculator pensie,4400,SE Ranking,4400,nu apărem,0,0,,53,pensie,https://www.google.ro/search?q=calculator+pensie
cumul pensie cu salariu,4400,SE Ranking,4400,nu apărem,0,0,,81,"pensie (proiect de lege, exclus)",https://www.google.ro/search?q=cumul+pensie+cu+salariu
calculator zile,4400,SE Ranking,4400,nu apărem,0,0,,62,zile si termene,https://www.google.ro/search?q=calculator+zile
calcul salariu,4400,SE Ranking,4400,3.3,520,11,salariile.ro/,56,avem deja,https://www.google.ro/search?q=calcul+salariu
minim pe economie 2026,4260,afișări GSC × 30/7,,7.8,994,3,salariile.ro/salariu-minim,,avem deja,https://www.google.ro/search?q=minim+pe+economie+2026
calculator salariu brut net,4230,afișări GSC × 30/7,100,3.6,987,24,salariile.ro/,33,avem deja,https://www.google.ro/search?q=calculator+salariu+brut+net
sarbatori legale 2027,4011,afișări GSC × 30/7,,7.0,936,3,salariile.ro/zile-libere-2027,,avem deja,https://www.google.ro/search?q=sarbatori+legale+2027
calculator salarii invatamant,3977,afișări GSC × 30/7,2400,2.3,928,38,salariile.ro/calculator-salariu-invatamant,,avem deja,https://www.google.ro/search?q=calculator+salarii+invatamant
cerere concediu,3600,SE Ranking,3600,nu apărem,0,0,,49,concediu de odihna,https://www.google.ro/search?q=cerere+concediu
zile lucratoare august 2026,3416,afișări GSC × 30/7,,4.8,797,0,salariile.ro/zile-lucratoare-2026,,avem deja,https://www.google.ro/search?q=zile+lucratoare+august+2026
salariul minim pe economie 2026,3369,afișări GSC × 30/7,,6.0,786,3,salariile.ro/salariu-minim,,avem deja,https://www.google.ro/search?q=salariul+minim+pe+economie+2026
salariu minim net 2026,3351,afișări GSC × 30/7,,5.1,782,14,salariile.ro/,,avem deja,https://www.google.ro/search?q=salariu+minim+net+2026
calcul pensie,3200,SE Ranking,3200,4.0,1,0,salariile.ro/salariu-mediu,59,pensie,https://www.google.ro/search?q=calcul+pensie
brut to net,3150,afișări GSC × 30/7,3100,2.6,735,9,salariile.ro/,,avem deja,https://www.google.ro/search?q=brut+to+net
salariu minim,2900,SE Ranking,2900,5.8,423,0,salariile.ro/salariu-minim,86,avem deja,https://www.google.ro/search?q=salariu+minim
calculator vechime,2900,SE Ranking,2900,nu apărem,0,0,,59,vechime,https://www.google.ro/search?q=calculator+vechime
pensie anticipata,2900,SE Ranking,2900,nu apărem,0,0,,66,pensie,https://www.google.ro/search?q=pensie+anticipata
salariu net calcul,2893,afișări GSC × 30/7,50,3.0,675,26,salariile.ro/,38,avem deja,https://www.google.ro/search?q=salariu+net+calcul
zile lucratoare octombrie 2026,2837,afișări GSC × 30/7,,5.4,662,4,salariile.ro/zile-lucratoare-2026,,avem deja,https://www.google.ro/search?q=zile+lucratoare+octombrie+2026
cat este salariul minim pe economie,2756,afișări GSC × 30/7,270,6.2,643,10,salariile.ro/salariu-minim,,avem deja,https://www.google.ro/search?q=cat+este+salariul+minim+pe+economie
calculator salariu brut 2026,2546,afișări GSC × 30/7,,3.1,594,30,salariile.ro/,,avem deja,https://www.google.ro/search?q=calculator+salariu+brut+2026
calculator termene,2400,SE Ranking,2400,nu apărem,0,0,,37,zile si termene,https://www.google.ro/search?q=calculator+termene
deducere personala 2026,2310,afișări GSC × 30/7,,4.0,539,8,salariile.ro/deducere-personala-2026,,avem deja,https://www.google.ro/search?q=deducere+personala+2026
cat e salariul minim pe economie,2297,afișări GSC × 30/7,30,5.4,536,3,salariile.ro/salariu-minim,48,avem deja,https://www.google.ro/search?q=cat+e+salariul+minim+pe+economie
salariu mediu net 2026,2267,afișări GSC × 30/7,,5.6,529,1,salariile.ro/salariu-mediu,,avem deja,https://www.google.ro/search?q=salariu+mediu+net+2026
salariul minim pe economie de la 1 iulie 2026,2250,afișări GSC × 30/7,,3.8,525,2,salariile.ro/salariu-minim,,avem deja,https://www.google.ro/search?q=salariul+minim+pe+economie+de+la+1+iulie+2026
calcul salariu net 2026,2181,afișări GSC × 30/7,,2.7,509,31,salariile.ro/,,avem deja,https://www.google.ro/search?q=calcul+salariu+net+2026
ore lucratoare 2026,2109,afișări GSC × 30/7,,3.9,492,7,salariile.ro/zile-lucratoare-2026,,avem deja,https://www.google.ro/search?q=ore+lucratoare+2026
salariu mediu brut 2026,2010,afișări GSC × 30/7,,3.6,469,8,salariile.ro/salariu-mediu,,avem deja,https://www.google.ro/search?q=salariu+mediu+brut+2026
minimul pe economie 2026,1989,afișări GSC × 30/7,,5.7,464,0,salariile.ro/salariu-minim,,avem deja,https://www.google.ro/search?q=minimul+pe+economie+2026
impozit pe venit,1900,SE Ranking,1900,3.0,1,1,salariile.ro/salariu-minim,84,impozit pe venit,https://www.google.ro/search?q=impozit+pe+venit
salariul minim,1900,SE Ranking,1900,3.2,103,1,salariile.ro/salariu-minim,86,avem deja,https://www.google.ro/search?q=salariul+minim
salariu minim brut,1900,SE Ranking,1900,4.7,199,0,salariile.ro/salariu-minim,,avem deja,https://www.google.ro/search?q=salariu+minim+brut
concediu prenatal,1900,SE Ranking,1900,nu apărem,0,0,,60,maternitate si crestere copil,https://www.google.ro/search?q=concediu+prenatal
concediu crestere copil,1900,SE Ranking,1900,nu apărem,0,0,,72,maternitate si crestere copil,https://www.google.ro/search?q=concediu+crestere+copil
legea salarizarii 2026,1877,afișări GSC × 30/7,,3.6,438,19,salariile.ro/noutati/legea-salarizarii-2026,,avem deja,https://www.google.ro/search?q=legea+salarizarii+2026
salariu net minim pe economie 2026,1800,afișări GSC × 30/7,,4.8,420,5,salariile.ro/,,avem deja,https://www.google.ro/search?q=salariu+net+minim+pe+economie+2026
zile lucratoare,1800,SE Ranking,1800,5.4,193,0,salariile.ro/zile-lucratoare-2026,,avem deja,https://www.google.ro/search?q=zile+lucratoare
salariu minim pe economie net,1783,afișări GSC × 30/7,660,5.2,416,8,salariile.ro/,,avem deja,https://www.google.ro/search?q=salariu+minim+pe+economie+net
care este salariul minim pe economie,1774,afișări GSC × 30/7,30,6.1,414,1,salariile.ro/salariu-minim,25,avem deja,https://www.google.ro/search?q=care+este+salariul+minim+pe+economie
salariu minim net pe economie 2026,1663,afișări GSC × 30/7,,4.8,388,1,salariile.ro/,,avem deja,https://www.google.ro/search?q=salariu+minim+net+pe+economie+2026
venit net,1654,afișări GSC × 30/7,390,2.9,386,9,salariile.ro/,,avem deja,https://www.google.ro/search?q=venit+net
cât este salariul minim pe economie,1633,afișări GSC × 30/7,,6.0,381,1,salariile.ro/salariu-minim,,avem deja,https://www.google.ro/search?q=c%C3%A2t+este+salariul+minim+pe+economie
calculator salariu invatamant,1616,afișări GSC × 30/7,30,2.2,377,27,salariile.ro/calculator-salariu-invatamant,9,avem deja,https://www.google.ro/search?q=calculator+salariu+invatamant
salariu minim net,1600,SE Ranking,1600,4.9,366,2,salariile.ro/,,avem deja,https://www.google.ro/search?q=salariu+minim+net
salariul minim brut,1600,SE Ranking,1600,4.8,67,2,salariile.ro/salariu-minim,,avem deja,https://www.google.ro/search?q=salariul+minim+brut
calculator brut net,1573,afișări GSC × 30/7,40,3.5,367,6,salariile.ro/,27,avem deja,https://www.google.ro/search?q=calculator+brut+net
minim pe economie 2026 net,1504,afișări GSC × 30/7,,4.8,351,5,salariile.ro/,,avem deja,https://www.google.ro/search?q=minim+pe+economie+2026+net
zile lucratoare 2027,1500,afișări GSC × 30/7,,3.6,350,28,salariile.ro/zile-lucratoare-2027,,avem deja,https://www.google.ro/search?q=zile+lucratoare+2027
concediu fara plata,1500,SE Ranking,1500,nu apărem,0,0,,73,concediu de odihna,https://www.google.ro/search?q=concediu+fara+plata
calculator salariu minim 2026,1333,afișări GSC × 30/7,,2.3,311,31,salariile.ro/,,avem deja,https://www.google.ro/search?q=calculator+salariu+minim+2026
venitul minim net pe economie 2026,1311,afișări GSC × 30/7,,4.7,306,5,salariile.ro/,,avem deja,https://www.google.ro/search?q=venitul+minim+net+pe+economie+2026
salariul minim net 2026,1303,afișări GSC × 30/7,,4.9,304,3,salariile.ro/,,avem deja,https://www.google.ro/search?q=salariul+minim+net+2026
concediu de odihna,1300,SE Ranking,1300,nu apărem,0,0,,77,concediu de odihna,https://www.google.ro/search?q=concediu+de+odihna
concediu de maternitate,1300,SE Ranking,1300,nu apărem,0,0,,69,maternitate si crestere copil,https://www.google.ro/search?q=concediu+de+maternitate
model demisie,1300,SE Ranking,1300,nu apărem,0,0,,62,demisie,https://www.google.ro/search?q=model+demisie
salariul brut,1300,SE Ranking,1300,2.9,129,7,salariile.ro/,,avem deja,https://www.google.ro/search?q=salariul+brut
salariu,1300,SE Ranking,1300,4.5,245,1,salariile.ro/,,avem deja,https://www.google.ro/search?q=salariu
cat este minimul pe economie 2026 net,1277,afișări GSC × 30/7,,5.0,298,2,salariile.ro/,,avem deja,https://www.google.ro/search?q=cat+este+minimul+pe+economie+2026+net
net vs brut,1230,afișări GSC × 30/7,20,4.1,287,1,salariile.ro/,33,avem deja,https://www.google.ro/search?q=net+vs+brut
minimul pe economie 2026 net,1226,afișări GSC × 30/7,,5.6,286,1,salariile.ro/salariu-minim,,avem deja,https://www.google.ro/search?q=minimul+pe+economie+2026+net
cat e minimul pe economie,1221,afișări GSC × 30/7,,5.8,285,0,salariile.ro/salariu-minim,,avem deja,https://www.google.ro/search?q=cat+e+minimul+pe+economie
minim pe economie,1149,afișări GSC × 30/7,440,4.4,268,0,salariile.ro/salariu-minim,49,avem deja,https://www.google.ro/search?q=minim+pe+economie
calendar zile lucratoare 2026,1149,afișări GSC × 30/7,,7.0,268,1,salariile.ro/zile-lucratoare-2026,,avem deja,https://www.google.ro/search?q=calendar+zile+lucratoare+2026
cerere de demisie,1100,SE Ranking,1100,nu apărem,0,0,,49,demisie,https://www.google.ro/search?q=cerere+de+demisie
brut vs net,1097,afișări GSC × 30/7,,4.1,256,3,salariile.ro/,,avem deja,https://www.google.ro/search?q=brut+vs+net
salariul net,1080,afișări GSC × 30/7,910,2.9,252,4,salariile.ro/,,avem deja,https://www.google.ro/search?q=salariul+net
ore lucratoare septembrie 2026,1076,afișări GSC × 30/7,,2.7,251,1,salariile.ro/zile-lucratoare-2026,,avem deja,https://www.google.ro/search?q=ore+lucratoare+septembrie+2026
calculator somaj 2026,1071,afișări GSC × 30/7,,7.2,250,4,salariile.ro/calculator-indemnizatie-somaj,,avem deja,https://www.google.ro/search?q=calculator+somaj+2026
brut la net,1054,afișări GSC × 30/7,290,2.2,246,7,salariile.ro/,,avem deja,https://www.google.ro/search?q=brut+la+net
venit minim net pe economie 2026,1050,afișări GSC × 30/7,,4.8,245,0,salariile.ro/,,avem deja,https://www.google.ro/search?q=venit+minim+net+pe+economie+2026
cat este salariul minim pe economie 2026,1041,afișări GSC × 30/7,,6.9,243,2,salariile.ro/salariu-minim,,avem deja,https://www.google.ro/search?q=cat+este+salariul+minim+pe+economie+2026
calculator salariu 2026,1037,afișări GSC × 30/7,,3.1,242,10,salariile.ro/,,avem deja,https://www.google.ro/search?q=calculator+salariu+2026
calculator pfa,1037,afișări GSC × 30/7,660,6.8,242,3,salariile.ro/calculator-pfa,,avem deja,https://www.google.ro/search?q=calculator+pfa
4325 brut in net,1033,afișări GSC × 30/7,,2.1,241,2,salariile.ro/calculator/calcul-salariu-net-4325-brut,,avem deja,https://www.google.ro/search?q=4325+brut+in+net
salariu net calculator,1011,afișări GSC × 30/7,40,3.5,236,1,salariile.ro/,33,avem deja,https://www.google.ro/search?q=salariu+net+calculator
salariul mediu brut 2026,1011,afișări GSC × 30/7,,3.9,236,5,salariile.ro/salariu-mediu,,avem deja,https://www.google.ro/search?q=salariul+mediu+brut+2026
brut,1000,SE Ranking,1000,6.2,92,0,salariile.ro/,,avem deja,https://www.google.ro/search?q=brut
salariul minim net,990,SE Ranking,990,4.1,200,2,salariile.ro/,,avem deja,https://www.google.ro/search?q=salariul+minim+net
ore lucratoare octombrie 2026,981,afișări GSC × 30/7,,4.7,229,1,salariile.ro/zile-lucratoare-2026,,avem deja,https://www.google.ro/search?q=ore+lucratoare+octombrie+2026
salariu net brut,964,afișări GSC × 30/7,,2.6,225,8,salariile.ro/,,avem deja,https://www.google.ro/search?q=salariu+net+brut
calcul salariu net din brut,960,afișări GSC × 30/7,,3.7,224,3,salariile.ro/,,avem deja,https://www.google.ro/search?q=calcul+salariu+net+din+brut
salariul mediu net 2026,956,afișări GSC × 30/7,,5.5,223,1,salariile.ro/salariu-mediu,,avem deja,https://www.google.ro/search?q=salariul+mediu+net+2026
salar minim iulie 2026,943,afișări GSC × 30/7,,4.1,220,0,salariile.ro/salariu-minim,,avem deja,https://www.google.ro/search?q=salar+minim+iulie+2026
salariu brut in net,943,afișări GSC × 30/7,220,2.0,220,12,salariile.ro/,,avem deja,https://www.google.ro/search?q=salariu+brut+in+net
salariu brut calcul,930,afișări GSC × 30/7,,3.9,217,7,salariile.ro/,,avem deja,https://www.google.ro/search?q=salariu+brut+calcul
calculare salariu net,909,afișări GSC × 30/7,20,3.6,212,5,salariile.ro/,28,avem deja,https://www.google.ro/search?q=calculare+salariu+net
taxe pfa,880,SE Ranking,880,4.0,47,0,salariile.ro/calculator-pfa,,avem deja,https://www.google.ro/search?q=taxe+pfa
pensie de handicap,880,SE Ranking,880,nu apărem,0,0,,14,pensie,https://www.google.ro/search?q=pensie+de+handicap
salar net,874,afișări GSC × 30/7,610,3.4,204,0,salariile.ro/,61,avem deja,https://www.google.ro/search?q=salar+net
brut net calculator,870,afișări GSC × 30/7,40,3.3,203,7,salariile.ro/,34,avem deja,https://www.google.ro/search?q=brut+net+calculator
zile lucratoare iulie 2026,870,afișări GSC × 30/7,,4.7,203,0,salariile.ro/zile-lucratoare-2026,,avem deja,https://www.google.ro/search?q=zile+lucratoare+iulie+2026
zile libere legale 2027,861,afișări GSC × 30/7,,3.5,201,1,salariile.ro/zile-libere-2027,,avem deja,https://www.google.ro/search?q=zile+libere+legale+2027
calcul salar net,853,afișări GSC × 30/7,540,3.2,199,1,salariile.ro/,,avem deja,https://www.google.ro/search?q=calcul+salar+net
net in brut,840,afișări GSC × 30/7,330,2.7,196,6,salariile.ro/,,avem deja,https://www.google.ro/search?q=net+in+brut
salar minim pe economie net 2026,836,afișări GSC × 30/7,,5.0,195,2,salariile.ro/,,avem deja,https://www.google.ro/search?q=salar+minim+pe+economie+net+2026
grila salarizare invatamant 2026,831,afișări GSC × 30/7,,4.9,194,13,salariile.ro/calculator-salariu-invatamant,,avem deja,https://www.google.ro/search?q=grila+salarizare+invatamant+2026
cate zile lucratoare sunt in septembrie 2026,831,afișări GSC × 30/7,,3.4,194,0,salariile.ro/zile-lucratoare-2026,,avem deja,https://www.google.ro/search?q=cate+zile+lucratoare+sunt+in+septembrie+2026
venit net minim pe economie 2026,823,afișări GSC × 30/7,,4.1,192,0,salariile.ro/,,avem deja,https://www.google.ro/search?q=venit+net+minim+pe+economie+2026
calculator net,823,afișări GSC × 30/7,40,6.5,192,0,salariile.ro/,36,avem deja,https://www.google.ro/search?q=calculator+net
salariu net vs brut,814,afișări GSC × 30/7,,3.5,190,4,salariile.ro/,,avem deja,https://www.google.ro/search?q=salariu+net+vs+brut
salariu minim net pe economie,814,afișări GSC × 30/7,290,5.5,190,4,salariile.ro/,,avem deja,https://www.google.ro/search?q=salariu+minim+net+pe+economie
demisie fara preaviz,810,SE Ranking,810,nu apărem,0,0,,10,demisie,https://www.google.ro/search?q=demisie+fara+preaviz
calculator taxe pfa,806,afișări GSC × 30/7,320,8.5,188,1,salariile.ro/calculator-pfa,,avem deja,https://www.google.ro/search?q=calculator+taxe+pfa
calculator salarii invatamant 2026,793,afișări GSC × 30/7,,2.1,185,26,salariile.ro/calculator-salariu-invatamant,,avem deja,https://www.google.ro/search?q=calculator+salarii+invatamant+2026
zile lucrătoare septembrie 2026,780,afișări GSC × 30/7,,2.6,182,0,salariile.ro/zile-lucratoare-2026,,avem deja,https://www.google.ro/search?q=zile+lucr%C4%83toare+septembrie+2026
calcul salarii,771,afișări GSC × 30/7,140,4.4,180,3,salariile.ro/,,avem deja,https://www.google.ro/search?q=calcul+salarii
salariul minim 2026,746,afișări GSC × 30/7,,3.1,174,1,salariile.ro/salariu-minim,,avem deja,https://www.google.ro/search?q=salariul+minim+2026
salariu mediu pe economie 2026,720,afișări GSC × 30/7,,2.1,168,3,salariile.ro/salariu-mediu,,avem deja,https://www.google.ro/search?q=salariu+mediu+pe+economie+2026
calculator impozit,720,SE Ranking,720,nu apărem,0,0,,8,impozit pe venit,https://www.google.ro/search?q=calculator+impozit
impozit dividende,720,SE Ranking,720,nu apărem,0,0,,7,impozit dividende (pagina exista),https://www.google.ro/search?q=impozit+dividende
cerere concediu de odihna,720,SE Ranking,720,nu apărem,0,0,,6,concediu de odihna,https://www.google.ro/search?q=cerere+concediu+de+odihna
salariul minim net pe economie,711,afișări GSC × 30/7,290,5.0,166,3,salariile.ro/,,avem deja,https://www.google.ro/search?q=salariul+minim+net+pe+economie
da,711,afișări GSC × 30/7,,2.5,166,2,salariile.ro/,,avem deja,https://www.google.ro/search?q=da
calculator salar,690,afișări GSC × 30/7,610,3.5,161,3,salariile.ro/,52,avem deja,https://www.google.ro/search?q=calculator+salar
salariu minim pe economie 2026 brut,686,afișări GSC × 30/7,,8.0,160,1,salariile.ro/,,avem deja,https://www.google.ro/search?q=salariu+minim+pe+economie+2026+brut
salariul minim net de la 1 iulie 2026,673,afișări GSC × 30/7,,5.4,157,1,salariile.ro/salariu-minim,,avem deja,https://www.google.ro/search?q=salariul+minim+net+de+la+1+iulie+2026
salarii,664,afișări GSC × 30/7,370,6.5,155,3,salariile.ro/,,avem deja,https://www.google.ro/search?q=salarii
calculator taxe,660,SE Ranking,660,nu apărem,0,0,,8,impozit pe venit,https://www.google.ro/search?q=calculator+taxe
salariu minim 2026,660,afișări GSC × 30/7,,7.1,154,0,salariile.ro/,,avem deja,https://www.google.ro/search?q=salariu+minim+2026
salariu minim net de la 1 iulie 2026,643,afișări GSC × 30/7,,5.2,150,6,salariile.ro/noutati/salariul-minim-1-iulie-2026,,avem deja,https://www.google.ro/search?q=salariu+minim+net+de+la+1+iulie+2026
cat e minimul pe economie 2026 net,639,afișări GSC × 30/7,,5.6,149,0,salariile.ro/salariu-minim,,avem deja,https://www.google.ro/search?q=cat+e+minimul+pe+economie+2026+net
fluturas salariu,634,afișări GSC × 30/7,290,4.9,148,8,salariile.ro/fluturas-salariu,,avem deja,https://www.google.ro/search?q=fluturas+salariu
zile lucratoare septembrie,626,afișări GSC × 30/7,,3.5,146,1,salariile.ro/zile-lucratoare-2026,,avem deja,https://www.google.ro/search?q=zile+lucratoare+septembrie
salariul mediu brut pe economie pentru calcul pensie 2026,621,afișări GSC × 30/7,,5.4,145,3,salariile.ro/salariu-mediu,,avem deja,https://www.google.ro/search?q=salariul+mediu+brut+pe+economie+pentru+calcul+pensie+2026
calcul brut net,617,afișări GSC × 30/7,,2.8,144,6,salariile.ro/,,avem deja,https://www.google.ro/search?q=calcul+brut+net
cat este salariul minim net pe economie 2026,613,afișări GSC × 30/7,,4.2,143,0,salariile.ro/,,avem deja,https://www.google.ro/search?q=cat+este+salariul+minim+net+pe+economie+2026
salariul minim de la 1 iulie 2026,613,afișări GSC × 30/7,,4.0,143,0,salariile.ro/salariu-minim,,avem deja,https://www.google.ro/search?q=salariul+minim+de+la+1+iulie+2026
pensie de boala,610,SE Ranking,610,nu apărem,0,0,,14,pensie,https://www.google.ro/search?q=pensie+de+boala
calendar 2027 zile libere,609,afișări GSC × 30/7,,7.7,142,2,salariile.ro/zile-libere-2027,,avem deja,https://www.google.ro/search?q=calendar+2027+zile+libere
minimul pe economie,609,afișări GSC × 30/7,590,4.5,142,0,salariile.ro/salariu-minim,52,avem deja,https://www.google.ro/search?q=minimul+pe+economie
calculator salar net,600,afișări GSC × 30/7,10,3.3,140,3,salariile.ro/,43,avem deja,https://www.google.ro/search?q=calculator+salar+net
cat este minimul pe economie 2026,600,afișări GSC × 30/7,,6.8,140,0,salariile.ro/salariu-minim,,avem deja,https://www.google.ro/search?q=cat+este+minimul+pe+economie+2026
cat e salariu minim pe economie,596,afișări GSC × 30/7,,5.2,139,0,salariile.ro/salariu-minim,,avem deja,https://www.google.ro/search?q=cat+e+salariu+minim+pe+economie
salariul net minim pe economie,596,afișări GSC × 30/7,,4.8,139,5,salariile.ro/,,avem deja,https://www.google.ro/search?q=salariul+net+minim+pe+economie
net si brut,591,afișări GSC × 30/7,,3.5,138,0,salariile.ro/,,avem deja,https://www.google.ro/search?q=net+si+brut
5500 brut in net,591,afișări GSC × 30/7,,2.6,138,0,salariile.ro/calculator/calcul-salariu-net-5500-brut,,avem deja,https://www.google.ro/search?q=5500+brut+in+net
calculator pensie anticipata cu penalizare,590,SE Ranking,590,nu apărem,0,0,,17,pensie,https://www.google.ro/search?q=calculator+pensie+anticipata+cu+penalizare
calculator varsta pensie militara,590,SE Ranking,590,nu apărem,0,0,,10,pensie,https://www.google.ro/search?q=calculator+varsta+pensie+militara
concediu crestere copil tati,590,SE Ranking,590,nu apărem,0,0,,6,maternitate si crestere copil,https://www.google.ro/search?q=concediu+crestere+copil+tati
program calcul pensie,590,SE Ranking,590,nu apărem,0,0,,19,pensie,https://www.google.ro/search?q=program+calcul+pensie
calcul salar,590,SE Ranking,590,3.3,64,1,salariile.ro/,,avem deja,https://www.google.ro/search?q=calcul+salar
salariul mediu,590,SE Ranking,590,4.3,7,0,salariile.ro/salariu-mediu,,avem deja,https://www.google.ro/search?q=salariul+mediu
cerere de concediu,590,SE Ranking,590,nu apărem,0,0,,5,concediu de odihna,https://www.google.ro/search?q=cerere+de+concediu
impozit pensii,590,SE Ranking,590,nu apărem,0,0,,8,impozit pensie,https://www.google.ro/search?q=impozit+pensii
ultima luna de plata indemnizatie crestere copil,590,SE Ranking,590,nu apărem,0,0,,6,maternitate si crestere copil,https://www.google.ro/search?q=ultima+luna+de+plata+indemnizatie+crestere+copil
concediu crestere copil tata,590,SE Ranking,590,nu apărem,0,0,,6,maternitate si crestere copil,https://www.google.ro/search?q=concediu+crestere+copil+tata
cat e indemnizatie crestere copil,590,SE Ranking,590,nu apărem,0,0,,7,maternitate si crestere copil,https://www.google.ro/search?q=cat+e+indemnizatie+crestere+copil
calculator tva online,590,SE Ranking,590,nu apărem,0,0,,11,tva,https://www.google.ro/search?q=calculator+tva+online
salariul mediu brut,590,SE Ranking,590,4.1,23,0,salariile.ro/salariu-mediu,,avem deja,https://www.google.ro/search?q=salariul+mediu+brut
acte necesare somaj,590,SE Ranking,590,nu apărem,0,0,,22,somaj,https://www.google.ro/search?q=acte+necesare+somaj
lege concediu crestere copil,590,SE Ranking,590,nu apărem,0,0,,8,maternitate si crestere copil,https://www.google.ro/search?q=lege+concediu+crestere+copil
model cerere concediu de odihna word,590,SE Ranking,590,nu apărem,0,0,,5,concediu de odihna,https://www.google.ro/search?q=model+cerere+concediu+de+odihna+word
pensie femei,590,SE Ranking,590,nu apărem,0,0,,14,pensie,https://www.google.ro/search?q=pensie+femei
concediu maternal,590,SE Ranking,590,nu apărem,0,0,,8,maternitate si crestere copil,https://www.google.ro/search?q=concediu+maternal
cod 01 concediu medical,590,SE Ranking,590,3.3,3,0,salariile.ro/noutati/concediu-medical-2026,11,concediu medical,https://www.google.ro/search?q=cod+01+concediu+medical
cerere pensie limita de varsta,590,SE Ranking,590,nu apărem,0,0,,8,pensie,https://www.google.ro/search?q=cerere+pensie+limita+de+varsta
model cerere concediu de odihna,590,SE Ranking,590,nu apărem,0,0,,5,concediu de odihna,https://www.google.ro/search?q=model+cerere+concediu+de+odihna
concediu fara plata codul muncii,590,SE Ranking,590,nu apărem,0,0,,8,concediu de odihna,https://www.google.ro/search?q=concediu+fara+plata+codul+muncii
depunere acte somaj online,590,SE Ranking,590,nu apărem,0,0,,30,somaj,https://www.google.ro/search?q=depunere+acte+somaj+online
impozitare pensie,590,SE Ranking,590,nu apărem,0,0,,7,impozit pensie,https://www.google.ro/search?q=impozitare+pensie
pensie sociala,590,SE Ranking,590,nu apărem,0,0,,8,pensie,https://www.google.ro/search?q=pensie+sociala
salariu mediu brut,590,SE Ranking,590,3.7,42,1,salariile.ro/salariu-mediu,,avem deja,https://www.google.ro/search?q=salariu+mediu+brut
minimul pe economie net,590,SE Ranking,590,5.3,38,0,salariile.ro/,,avem deja,https://www.google.ro/search?q=minimul+pe+economie+net
salariu mediu,590,SE Ranking,590,9.1,18,0,salariile.ro/salariu-mediu,,avem deja,https://www.google.ro/search?q=salariu+mediu
calculator net din brut,590,SE Ranking,590,2.9,12,1,salariile.ro/,,avem deja,https://www.google.ro/search?q=calculator+net+din+brut
indemnizatie crestere copii,590,SE Ranking,590,nu apărem,0,0,,6,maternitate si crestere copil,https://www.google.ro/search?q=indemnizatie+crestere+copii
pensie de invaliditate gradul 3 suma,590,SE Ranking,590,nu apărem,0,0,,15,pensie,https://www.google.ro/search?q=pensie+de+invaliditate+gradul+3+suma
calculator pensie de stat,590,SE Ranking,590,nu apărem,0,0,,19,pensie,https://www.google.ro/search?q=calculator+pensie+de+stat
acte pentru somaj,590,SE Ranking,590,nu apărem,0,0,,14,somaj,https://www.google.ro/search?q=acte+pentru+somaj
salariul mediu pe economie,590,SE Ranking,590,5.0,23,1,salariile.ro/salariu-mediu,,avem deja,https://www.google.ro/search?q=salariul+mediu+pe+economie
concediu postnatal,590,SE Ranking,590,nu apărem,0,0,,7,maternitate si crestere copil,https://www.google.ro/search?q=concediu+postnatal
impozit pe dividende,590,SE Ranking,590,nu apărem,0,0,,8,impozit dividende (pagina exista),https://www.google.ro/search?q=impozit+pe+dividende
minim pe economie net,590,SE Ranking,590,5.5,81,0,salariile.ro/,,avem deja,https://www.google.ro/search?q=minim+pe+economie+net
cate zile de concediu ai pe luna,590,SE Ranking,590,nu apărem,0,0,,12,concediu de odihna,https://www.google.ro/search?q=cate+zile+de+concediu+ai+pe+luna
impozit progresiv,590,SE Ranking,590,nu apărem,0,0,,14,impozit pe venit,https://www.google.ro/search?q=impozit+progresiv
salariu minim pe economie brut,590,SE Ranking,590,5.1,56,0,salariile.ro/,,avem deja,https://www.google.ro/search?q=salariu+minim+pe+economie+brut
calculator salariu complet,590,SE Ranking,590,5.4,52,1,salariile.ro/,,avem deja,https://www.google.ro/search?q=calculator+salariu+complet
cerere demisie fara preaviz pdf,590,SE Ranking,590,nu apărem,0,0,,6,demisie,https://www.google.ro/search?q=cerere+demisie+fara+preaviz+pdf
calculator salarii net constructii,590,SE Ranking,590,nu apărem,0,0,,,,https://www.google.ro/search?q=calculator+salarii+net+constructii
cerere de demisie fara preaviz,590,SE Ranking,590,nu apărem,0,0,,10,demisie,https://www.google.ro/search?q=cerere+de+demisie+fara+preaviz
calcul concediu de odihna neefectuat la incetarea contractului de munca,590,SE Ranking,590,nu apărem,0,0,,7,concediu de odihna,https://www.google.ro/search?q=calcul+concediu+de+odihna+neefectuat+la+incetarea+contractului+de+munca
pensie minima,590,SE Ranking,590,nu apărem,0,0,,8,pensie,https://www.google.ro/search?q=pensie+minima
calcul salar brut,590,SE Ranking,590,3.5,61,0,salariile.ro/,,avem deja,https://www.google.ro/search?q=calcul+salar+brut
cod 06 concediu medical,590,SE Ranking,590,1.0,1,0,salariile.ro/noutati/concediu-medical-2026,5,concediu medical,https://www.google.ro/search?q=cod+06+concediu+medical
model demisie fara preaviz art 81 alin 7,590,SE Ranking,590,nu apărem,0,0,,10,demisie,https://www.google.ro/search?q=model+demisie+fara+preaviz+art+81+alin+7
dosar indemnizatie crestere copil,590,SE Ranking,590,nu apărem,0,0,,6,maternitate si crestere copil,https://www.google.ro/search?q=dosar+indemnizatie+crestere+copil
concediu de studii,590,SE Ranking,590,nu apărem,0,0,,8,concediu de odihna,https://www.google.ro/search?q=concediu+de+studii
legislatie concediu crestere copil,590,SE Ranking,590,nu apărem,0,0,,17,maternitate si crestere copil,https://www.google.ro/search?q=legislatie+concediu+crestere+copil
salar brut in net,590,SE Ranking,590,2.6,120,8,salariile.ro/,,avem deja,https://www.google.ro/search?q=salar+brut+in+net
impozit pensie,590,SE Ranking,590,nu apărem,0,0,,8,impozit pensie,https://www.google.ro/search?q=impozit+pensie
salariu mediu pe economie,590,SE Ranking,590,4.6,71,1,salariile.ro/salariu-mediu,,avem deja,https://www.google.ro/search?q=salariu+mediu+pe+economie
net din brut,590,SE Ranking,590,2.0,99,3,salariile.ro/,,avem deja,https://www.google.ro/search?q=net+din+brut
calcul vechime in munca,590,SE Ranking,590,nu apărem,0,0,,17,vechime,https://www.google.ro/search?q=calcul+vechime+in+munca
calcul net din brut,590,SE Ranking,590,3.5,110,1,salariile.ro/,,avem deja,https://www.google.ro/search?q=calcul+net+din+brut
net to brut,570,afișări GSC × 30/7,,2.7,133,3,salariile.ro/,,avem deja,https://www.google.ro/search?q=net+to+brut
zile lucratoare noiembrie 2026,566,afișări GSC × 30/7,,6.5,132,0,salariile.ro/zile-lucratoare-2026,,avem deja,https://www.google.ro/search?q=zile+lucratoare+noiembrie+2026
valoare tichete de masa 2026,566,afișări GSC × 30/7,,7.6,132,0,salariile.ro/noutati/tichete-de-masa-2026,,avem deja,https://www.google.ro/search?q=valoare+tichete+de+masa+2026
calculator salariu invatamant 2026,561,afișări GSC × 30/7,,2.0,131,10,salariile.ro/calculator-salariu-invatamant,,avem deja,https://www.google.ro/search?q=calculator+salariu+invatamant+2026
salariu brut vs net,561,afișări GSC × 30/7,,2.7,131,3,salariile.ro/,,avem deja,https://www.google.ro/search?q=salariu+brut+vs+net
salariul minim pe economie net,544,afișări GSC × 30/7,40,4.8,127,1,salariile.ro/,46,avem deja,https://www.google.ro/search?q=salariul+minim+pe+economie+net
salariul mediu net,540,SE Ranking,540,3.0,10,0,salariile.ro/salariu-mediu,,avem deja,https://www.google.ro/search?q=salariul+mediu+net
calcul zile calendaristice,540,SE Ranking,540,nu apărem,0,0,,10,zile si termene,https://www.google.ro/search?q=calcul+zile+calendaristice
calcul concediu medical,540,SE Ranking,540,1.0,1,0,salariile.ro/noutati/concediu-medical-2026,5,concediu medical,https://www.google.ro/search?q=calcul+concediu+medical
salariu mediu net,540,SE Ranking,540,2.7,27,0,salariile.ro/salariu-mediu,,avem deja,https://www.google.ro/search?q=salariu+mediu+net
calcul.salariu net,540,SE Ranking,540,3.3,24,0,salariile.ro/,,avem deja,https://www.google.ro/search?q=calcul.salariu+net
calculator dobanda legala,540,SE Ranking,540,nu apărem,0,0,,4,dobanda legala,https://www.google.ro/search?q=calculator+dobanda+legala
calcul salarial net,540,SE Ranking,540,3.2,8,0,salariile.ro/,,avem deja,https://www.google.ro/search?q=calcul+salarial+net
salariu net si brut,536,afișări GSC × 30/7,480,2.9,125,0,salariile.ro/,,avem deja,https://www.google.ro/search?q=salariu+net+si+brut
calculator salariu romania,527,afișări GSC × 30/7,480,3.1,123,3,salariile.ro/,,avem deja,https://www.google.ro/search?q=calculator+salariu+romania
calendar zile libere 2027,501,afișări GSC × 30/7,,6.6,117,2,salariile.ro/zile-libere-2027,,avem deja,https://www.google.ro/search?q=calendar+zile+libere+2027
calculator brut,501,afișări GSC × 30/7,200,3.2,117,1,salariile.ro/,0,avem deja,https://www.google.ro/search?q=calculator+brut
salariu brut to net,497,afișări GSC × 30/7,,2.0,116,4,salariile.ro/,,avem deja,https://www.google.ro/search?q=salariu+brut+to+net
salariu calculator,493,afișări GSC × 30/7,50,4.2,115,1,salariile.ro/,23,avem deja,https://www.google.ro/search?q=salariu+calculator
zile lucratoare decembrie 2026,493,afișări GSC × 30/7,,7.1,115,0,salariile.ro/zile-lucratoare-2026,,avem deja,https://www.google.ro/search?q=zile+lucratoare+decembrie+2026
care este salariul minim net pe economie,493,afișări GSC × 30/7,170,3.8,115,1,salariile.ro/,,avem deja,https://www.google.ro/search?q=care+este+salariul+minim+net+pe+economie
venit mediu net 2026,489,afișări GSC × 30/7,,5.1,114,2,salariile.ro/salariu-mediu,,avem deja,https://www.google.ro/search?q=venit+mediu+net+2026
calculator net brut,489,afișări GSC × 30/7,,3.0,114,2,salariile.ro/,,avem deja,https://www.google.ro/search?q=calculator+net+brut
cât e salariul minim pe economie,489,afișări GSC × 30/7,,5.2,114,1,salariile.ro/salariu-minim,,avem deja,https://www.google.ro/search?q=c%C3%A2t+e+salariul+minim+pe+economie
zile lucrătoare octombrie 2026,489,afișări GSC × 30/7,,5.4,114,1,salariile.ro/zile-lucratoare-2026,,avem deja,https://www.google.ro/search?q=zile+lucr%C4%83toare+octombrie+2026
zile lucratoare iunie 2026,489,afișări GSC × 30/7,,6.0,114,0,salariile.ro/zile-lucratoare-2026,,avem deja,https://www.google.ro/search?q=zile+lucratoare+iunie+2026
salariu net din brut,480,SE Ranking,480,2.0,69,2,salariile.ro/,,avem deja,https://www.google.ro/search?q=salariu+net+din+brut
salar brut minim pe economie,480,SE Ranking,480,5.3,12,0,salariile.ro/,,avem deja,https://www.google.ro/search?q=salar+brut+minim+pe+economie
calculator salary,480,SE Ranking,480,nu apărem,0,0,,,,https://www.google.ro/search?q=calculator+salary
calculator impozit pensie,480,SE Ranking,480,nu apărem,0,0,,5,impozit pensie,https://www.google.ro/search?q=calculator+impozit+pensie
salariu brut minim pe economie,480,SE Ranking,480,4.7,97,0,salariile.ro/,,avem deja,https://www.google.ro/search?q=salariu+brut+minim+pe+economie
calcul zile concediu,480,SE Ranking,480,nu apărem,0,0,,8,concediu de odihna,https://www.google.ro/search?q=calcul+zile+concediu
verificare dosar pensie online,480,SE Ranking,480,nu apărem,0,0,,21,pensie,https://www.google.ro/search?q=verificare+dosar+pensie+online
penalizari pensie anticipata,480,SE Ranking,480,nu apărem,0,0,,13,pensie,https://www.google.ro/search?q=penalizari+pensie+anticipata
calcul salariu net constructii,480,SE Ranking,480,5.8,20,0,salariile.ro/calculator-salariu-constructii,,avem deja,https://www.google.ro/search?q=calcul+salariu+net+constructii
concediu medical 75 din brut sau net,480,SE Ranking,480,9.7,7,0,salariile.ro/noutati/concediu-medical-2026,6,concediu medical,https://www.google.ro/search?q=concediu+medical+75+din+brut+sau+net
net la brut,480,SE Ranking,480,3.1,78,2,salariile.ro/,,avem deja,https://www.google.ro/search?q=net+la+brut
calcul concediu prenatal,480,SE Ranking,480,nu apărem,0,0,,5,maternitate si crestere copil,https://www.google.ro/search?q=calcul+concediu+prenatal
calcul tva dintr-o suma,480,SE Ranking,480,nu apărem,0,0,,8,tva,https://www.google.ro/search?q=calcul+tva+dintr-o+suma
pfa taxe,480,SE Ranking,480,7.9,46,1,salariile.ro/calculator-pfa,,avem deja,https://www.google.ro/search?q=pfa+taxe
cerere de demisie simpla,480,SE Ranking,480,nu apărem,0,0,,6,demisie,https://www.google.ro/search?q=cerere+de+demisie+simpla
salariu brut si net,480,SE Ranking,480,3.0,85,5,salariile.ro/,,avem deja,https://www.google.ro/search?q=salariu+brut+si+net
cum se calculeaza salariul,480,SE Ranking,480,1.8,22,2,salariile.ro/,,avem deja,https://www.google.ro/search?q=cum+se+calculeaza+salariul
câte zile de concediu medical poate acorda medicul de familie,480,SE Ranking,480,nu apărem,0,0,,9,concediu medical,https://www.google.ro/search?q=c%C3%A2te+zile+de+concediu+medical+poate+acorda+medicul+de+familie
calculator zile concediu,480,SE Ranking,480,nu apărem,0,0,,9,concediu de odihna,https://www.google.ro/search?q=calculator+zile+concediu
ce acte trebuie pentru somaj,480,SE Ranking,480,nu apărem,0,0,,14,somaj,https://www.google.ro/search?q=ce+acte+trebuie+pentru+somaj
ajutor de somaj,480,SE Ranking,480,nu apărem,0,0,,30,somaj,https://www.google.ro/search?q=ajutor+de+somaj
calcul salar net constructii,480,SE Ranking,480,6.6,5,0,salariile.ro/calculator-salariu-constructii,,avem deja,https://www.google.ro/search?q=calcul+salar+net+constructii
calculator salariu net constructii,480,SE Ranking,480,4.2,39,1,salariile.ro/calculator-salariu-constructii,,avem deja,https://www.google.ro/search?q=calculator+salariu+net+constructii
cate zile de concediu medical poate da medicul de familie,480,SE Ranking,480,nu apărem,0,0,,6,concediu medical,https://www.google.ro/search?q=cate+zile+de+concediu+medical+poate+da+medicul+de+familie
salariul brut minim pe economie,480,SE Ranking,480,4.6,34,0,salariile.ro/,,avem deja,https://www.google.ro/search?q=salariul+brut+minim+pe+economie
model cerere incetare contract de munca art 55 lit b,480,SE Ranking,480,nu apărem,0,0,,8,contract de munca,https://www.google.ro/search?q=model+cerere+incetare+contract+de+munca+art+55+lit+b
cat este salariul minim pe economie net,480,SE Ranking,480,5.4,97,2,salariile.ro/,,avem deja,https://www.google.ro/search?q=cat+este+salariul+minim+pe+economie+net
calculator taxe pfa 2026,480,afișări GSC × 30/7,,9.0,112,0,salariile.ro/calculator-pfa,,avem deja,https://www.google.ro/search?q=calculator+taxe+pfa+2026
ce se intampla daca depasesti 90 zile concediu medical,480,SE Ranking,480,nu apărem,0,0,,6,concediu medical,https://www.google.ro/search?q=ce+se+intampla+daca+depasesti+90+zile+concediu+medical
concediu medical cod 06,480,SE Ranking,480,nu apărem,0,0,,5,concediu medical,https://www.google.ro/search?q=concediu+medical+cod+06
preaviz demisie 15 zile lucratoare sau calendaristice,480,SE Ranking,480,nu apărem,0,0,,6,demisie,https://www.google.ro/search?q=preaviz+demisie+15+zile+lucratoare+sau+calendaristice
calculator salarii invatamant 2027,480,afișări GSC × 30/7,,9.2,112,0,salariile.ro/calculator-salariu-invatamant,,avem deja,https://www.google.ro/search?q=calculator+salarii+invatamant+2027
pensie limita de varsta,480,SE Ranking,480,nu apărem,0,0,,22,pensie,https://www.google.ro/search?q=pensie+limita+de+varsta
calcul salariu brut net,480,SE Ranking,480,3.8,81,2,salariile.ro/,,avem deja,https://www.google.ro/search?q=calcul+salariu+brut+net
zile lucratoare mai,480,SE Ranking,480,7.0,36,0,salariile.ro/zile-lucratoare-2026,,avem deja,https://www.google.ro/search?q=zile+lucratoare+mai
penalizare pensie anticipata,480,SE Ranking,480,nu apărem,0,0,,13,pensie,https://www.google.ro/search?q=penalizare+pensie+anticipata
venit brut,480,SE Ranking,480,3.4,83,1,salariile.ro/,,avem deja,https://www.google.ro/search?q=venit+brut
concediu prenatal si postnatal,480,SE Ranking,480,nu apărem,0,0,,7,maternitate si crestere copil,https://www.google.ro/search?q=concediu+prenatal+si+postnatal
calcul pensie grupa 1 de munca,480,SE Ranking,480,nu apărem,0,0,,10,pensie,https://www.google.ro/search?q=calcul+pensie+grupa+1+de+munca
cât este minimul pe economie,480,afișări GSC × 30/7,,6.7,112,0,salariile.ro/salariu-minim,,avem deja,https://www.google.ro/search?q=c%C3%A2t+este+minimul+pe+economie
minim net pe economie 2026,467,afișări GSC × 30/7,,5.1,109,1,salariile.ro/,,avem deja,https://www.google.ro/search?q=minim+net+pe+economie+2026
7000 brut in net,467,afișări GSC × 30/7,,2.9,109,0,salariile.ro/calculator/calcul-salariu-net-7000-brut,,avem deja,https://www.google.ro/search?q=7000+brut+in+net
cate zile lucratoare sunt in octombrie 2026,467,afișări GSC × 30/7,,5.5,109,0,salariile.ro/zile-lucratoare-2026,,avem deja,https://www.google.ro/search?q=cate+zile+lucratoare+sunt+in+octombrie+2026
6000 brut in net,463,afișări GSC × 30/7,,3.0,108,0,salariile.ro/calculator/calcul-salariu-net-6000-brut,,avem deja,https://www.google.ro/search?q=6000+brut+in+net
salar brut,459,afișări GSC × 30/7,140,3.2,107,2,salariile.ro/,57,avem deja,https://www.google.ro/search?q=salar+brut
calculator salarii net,459,afișări GSC × 30/7,,3.5,107,2,salariile.ro/,,avem deja,https://www.google.ro/search?q=calculator+salarii+net
salariu minim constructii 2026,459,afișări GSC × 30/7,,4.1,107,0,salariile.ro/salariu-minim-constructii-2026,,avem deja,https://www.google.ro/search?q=salariu+minim+constructii+2026
salariu mediu brut 2026 pentru calcul pensie,454,afișări GSC × 30/7,,5.2,106,3,salariile.ro/salariu-mediu,,avem deja,https://www.google.ro/search?q=salariu+mediu+brut+2026+pentru+calcul+pensie
brut si net,454,afișări GSC × 30/7,20,3.1,106,3,salariile.ro/,42,avem deja,https://www.google.ro/search?q=brut+si+net
ce inseamna salariu net,454,afișări GSC × 30/7,,5.2,106,0,salariile.ro/,,avem deja,https://www.google.ro/search?q=ce+inseamna+salariu+net
calendar 2027 cu sarbatori legale,450,afișări GSC × 30/7,,8.1,105,5,salariile.ro/zile-libere-2027,,avem deja,https://www.google.ro/search?q=calendar+2027+cu+sarbatori+legale
cate zile lucratoare are septembrie 2026,441,afișări GSC × 30/7,,4.1,103,0,salariile.ro/zile-lucratoare-2026,,avem deja,https://www.google.ro/search?q=cate+zile+lucratoare+are+septembrie+2026
cand ies la pensie,440,SE Ranking,440,nu apărem,0,0,,19,pensie,https://www.google.ro/search?q=cand+ies+la+pensie
transparenta salariala 2026,437,afișări GSC × 30/7,,6.2,102,7,salariile.ro/noutati/transparenta-salariala-2026,,avem deja,https://www.google.ro/search?q=transparenta+salariala+2026
care e salariul minim pe economie,437,afișări GSC × 30/7,390,5.5,102,1,salariile.ro/salariu-minim,,avem deja,https://www.google.ro/search?q=care+e+salariul+minim+pe+economie
calcul salarii 2026,437,afișări GSC × 30/7,,3.1,102,3,salariile.ro/,,avem deja,https://www.google.ro/search?q=calcul+salarii+2026
cat este salariu minim pe economie,429,afișări GSC × 30/7,40,5.4,100,2,salariile.ro/salariu-minim,48,avem deja,https://www.google.ro/search?q=cat+este+salariu+minim+pe+economie
salariu minim pe economie romania,420,afișări GSC × 30/7,,6.8,98,0,salariile.ro/salariu-minim,,avem deja,https://www.google.ro/search?q=salariu+minim+pe+economie+romania
valoare minima tichete de masa 2026,420,afișări GSC × 30/7,,10.7,98,0,salariile.ro/noutati/tichete-de-masa-2026,,avem deja,https://www.google.ro/search?q=valoare+minima+tichete+de+masa+2026
ore lucratoare august 2026,416,afișări GSC × 30/7,,3.8,97,0,salariile.ro/zile-lucratoare-2026,,avem deja,https://www.google.ro/search?q=ore+lucratoare+august+2026
contract individual de munca,410,SE Ranking,410,nu apărem,0,0,,8,contract de munca,https://www.google.ro/search?q=contract+individual+de+munca
varsta pensie femei,410,SE Ranking,410,nu apărem,0,0,,15,pensie,https://www.google.ro/search?q=varsta+pensie+femei
cat e salariul minim pe economie net,407,afișări GSC × 30/7,,5.0,95,0,salariile.ro/,,avem deja,https://www.google.ro/search?q=cat+e+salariul+minim+pe+economie+net
zile libere ianuarie 2027,407,afișări GSC × 30/7,,8.9,95,1,salariile.ro/zile-libere-2027,,avem deja,https://www.google.ro/search?q=zile+libere+ianuarie+2027
salariu minim romania 2026,403,afișări GSC × 30/7,,4.4,94,0,salariile.ro/salariu-minim,,avem deja,https://www.google.ro/search?q=salariu+minim+romania+2026
salar minim pe economie,399,afișări GSC × 30/7,,5.7,93,1,salariile.ro/salariu-minim,,avem deja,https://www.google.ro/search?q=salar+minim+pe+economie
salariu mediu romania 2026,394,afișări GSC × 30/7,,4.3,92,0,salariile.ro/salariu-mediu,,avem deja,https://www.google.ro/search?q=salariu+mediu+romania+2026
brutto netto,390,SE Ranking,390,nu apărem,0,0,,,,https://www.google.ro/search?q=brutto+netto
formula calcul concediu medical,390,SE Ranking,390,nu apărem,0,0,,5,concediu medical,https://www.google.ro/search?q=formula+calcul+concediu+medical
din brut in net,390,SE Ranking,390,2.0,69,5,salariile.ro/,,avem deja,https://www.google.ro/search?q=din+brut+in+net
care este salariu net,390,SE Ranking,390,2.7,11,0,salariile.ro/,,avem deja,https://www.google.ro/search?q=care+este+salariu+net
pensie minima garantata,390,SE Ranking,390,nu apărem,0,0,,8,pensie,https://www.google.ro/search?q=pensie+minima+garantata
concediu risc maternal,390,SE Ranking,390,nu apărem,0,0,,6,maternitate si crestere copil,https://www.google.ro/search?q=concediu+risc+maternal
varsta pensie barbati,390,SE Ranking,390,nu apărem,0,0,,13,pensie,https://www.google.ro/search?q=varsta+pensie+barbati
concediu prenatal calcul,390,SE Ranking,390,nu apărem,0,0,,5,maternitate si crestere copil,https://www.google.ro/search?q=concediu+prenatal+calcul
brut net salariu,390,SE Ranking,390,2.2,68,0,salariile.ro/,,avem deja,https://www.google.ro/search?q=brut+net+salariu
ce este salariu brut,390,SE Ranking,390,4.8,6,0,salariile.ro/,,avem deja,https://www.google.ro/search?q=ce+este+salariu+brut
cate puncte de pensie am,390,SE Ranking,390,nu apărem,0,0,,12,pensie,https://www.google.ro/search?q=cate+puncte+de+pensie+am
fluturas de salariu,390,SE Ranking,390,7.3,43,1,salariile.ro/fluturas-salariu,,avem deja,https://www.google.ro/search?q=fluturas+de+salariu
netto brutto,390,SE Ranking,390,nu apărem,0,0,,,,https://www.google.ro/search?q=netto+brutto
impozit pe salariu,390,SE Ranking,390,4.8,14,0,salariile.ro/,,avem deja,https://www.google.ro/search?q=impozit+pe+salariu
bani de concediu asistent personal,390,SE Ranking,390,nu apărem,0,0,,8,concediu de odihna,https://www.google.ro/search?q=bani+de+concediu+asistent+personal
model cerere demisie la zi,390,SE Ranking,390,nu apărem,0,0,,6,demisie,https://www.google.ro/search?q=model+cerere+demisie+la+zi
cod indemnizatie 08,390,SE Ranking,390,nu apărem,0,0,,6,concediu medical,https://www.google.ro/search?q=cod+indemnizatie+08
cerere recalculare pensie,390,SE Ranking,390,nu apărem,0,0,,8,pensie,https://www.google.ro/search?q=cerere+recalculare+pensie
septembrie zile lucratoare,390,afișări GSC × 30/7,,3.8,91,0,salariile.ro/zile-lucratoare-2026,,avem deja,https://www.google.ro/search?q=septembrie+zile+lucratoare
numar maxim zile concediu medical,390,SE Ranking,390,nu apărem,0,0,,6,concediu medical,https://www.google.ro/search?q=numar+maxim+zile+concediu+medical
calculeaza salariul net,390,SE Ranking,390,3.7,57,1,salariile.ro/,,avem deja,https://www.google.ro/search?q=calculeaza+salariul+net
cerere incetare contract de munca,390,SE Ranking,390,nu apărem,0,0,,7,contract de munca,https://www.google.ro/search?q=cerere+incetare+contract+de+munca
care este salariul net,390,SE Ranking,390,3.8,49,0,salariile.ro/,,avem deja,https://www.google.ro/search?q=care+este+salariul+net
salario,390,SE Ranking,390,nu apărem,0,0,,,,https://www.google.ro/search?q=salario
ce este salariul net,390,SE Ranking,390,6.0,16,0,salariile.ro/,,avem deja,https://www.google.ro/search?q=ce+este+salariul+net
calculator salariu minim,390,SE Ranking,390,2.7,28,2,salariile.ro/,,avem deja,https://www.google.ro/search?q=calculator+salariu+minim
cate zile de concediu de odihna am dreptul pe luna,390,SE Ranking,390,nu apărem,0,0,,12,concediu de odihna,https://www.google.ro/search?q=cate+zile+de+concediu+de+odihna+am+dreptul+pe+luna
acte necesare dosar pensie,390,SE Ranking,390,nu apărem,0,0,,12,pensie,https://www.google.ro/search?q=acte+necesare+dosar+pensie
care este salariu brut,390,SE Ranking,390,8.0,2,0,salariile.ro/,,avem deja,https://www.google.ro/search?q=care+este+salariu+brut
care este salariul brut,390,SE Ranking,390,7.6,20,0,salariile.ro/,,avem deja,https://www.google.ro/search?q=care+este+salariul+brut
calculator venit net,390,SE Ranking,390,3.6,69,1,salariile.ro/,,avem deja,https://www.google.ro/search?q=calculator+venit+net
care e salariu minim pe economie,390,SE Ranking,390,4.8,19,0,salariile.ro/salariu-minim,,avem deja,https://www.google.ro/search?q=care+e+salariu+minim+pe+economie
calculator salariu 4 ore,390,SE Ranking,390,2.9,16,1,salariile.ro/calculator-salariu-part-time,,avem deja,https://www.google.ro/search?q=calculator+salariu+4+ore
calculul vechimii in munca pentru pensie,390,SE Ranking,390,nu apărem,0,0,,10,pensie,https://www.google.ro/search?q=calculul+vechimii+in+munca+pentru+pensie
concediu prenatal calculator,390,SE Ranking,390,nu apărem,0,0,,4,maternitate si crestere copil,https://www.google.ro/search?q=concediu+prenatal+calculator
zile de concediu pe an,390,SE Ranking,390,nu apărem,0,0,,12,concediu de odihna,https://www.google.ro/search?q=zile+de+concediu+pe+an
salariu brut la net,390,SE Ranking,390,2.1,67,2,salariile.ro/,,avem deja,https://www.google.ro/search?q=salariu+brut+la+net
model de demisie,390,SE Ranking,390,nu apărem,0,0,,7,demisie,https://www.google.ro/search?q=model+de+demisie
ce este salariul brut,390,SE Ranking,390,7.6,21,0,salariile.ro/,,avem deja,https://www.google.ro/search?q=ce+este+salariul+brut
concediu de odihna neefectuat,390,SE Ranking,390,nu apărem,0,0,,6,concediu de odihna,https://www.google.ro/search?q=concediu+de+odihna+neefectuat
adeverinta concediu medical,390,SE Ranking,390,nu apărem,0,0,,7,concediu medical,https://www.google.ro/search?q=adeverinta+concediu+medical
salariul brut in net,390,SE Ranking,390,2.9,86,4,salariile.ro/,,avem deja,https://www.google.ro/search?q=salariul+brut+in+net
concediu medical pentru copil,390,SE Ranking,390,nu apărem,0,0,,7,concediu medical,https://www.google.ro/search?q=concediu+medical+pentru+copil
calcul salariu minim,390,SE Ranking,390,3.5,25,1,salariile.ro/,,avem deja,https://www.google.ro/search?q=calcul+salariu+minim
model cerere demisie cu preaviz,390,SE Ranking,390,nu apărem,0,0,,9,demisie,https://www.google.ro/search?q=model+cerere+demisie+cu+preaviz
cod indemnizatie 09,390,SE Ranking,390,nu apărem,0,0,,5,concediu medical,https://www.google.ro/search?q=cod+indemnizatie+09
calcul concediu de odihna,390,SE Ranking,390,nu apărem,0,0,,7,concediu de odihna,https://www.google.ro/search?q=calcul+concediu+de+odihna
simulare pensie,390,SE Ranking,390,nu apărem,0,0,,17,pensie,https://www.google.ro/search?q=simulare+pensie
demisie la zi,390,SE Ranking,390,nu apărem,0,0,,10,demisie,https://www.google.ro/search?q=demisie+la+zi
impozit pfa,390,SE Ranking,390,10.7,6,0,salariile.ro/calculator-pfa,,avem deja,https://www.google.ro/search?q=impozit+pfa
calculator salariu net cu bonuri de masa,386,afișări GSC × 30/7,,4.4,90,0,salariile.ro/,,avem deja,https://www.google.ro/search?q=calculator+salariu+net+cu+bonuri+de+masa
salariu minim iulie 2026,381,afișări GSC × 30/7,,4.7,89,2,salariile.ro/salariu-minim,,avem deja,https://www.google.ro/search?q=salariu+minim+iulie+2026
zile lucrătoare 2026,377,afișări GSC × 30/7,,4.9,88,2,salariile.ro/zile-lucratoare-2026,,avem deja,https://www.google.ro/search?q=zile+lucr%C4%83toare+2026
salariul mediu pe economie 2026,364,afișări GSC × 30/7,,2.0,85,1,salariile.ro/salariu-mediu,,avem deja,https://www.google.ro/search?q=salariul+mediu+pe+economie+2026
salarii invatamant,364,afișări GSC × 30/7,,3.7,85,4,salariile.ro/calculator-salariu-invatamant,,avem deja,https://www.google.ro/search?q=salarii+invatamant
calculator pfa 2026,364,afișări GSC × 30/7,,8.5,85,2,salariile.ro/calculator-pfa,,avem deja,https://www.google.ro/search?q=calculator+pfa+2026
net,364,afișări GSC × 30/7,,2.2,85,0,salariile.ro/,,avem deja,https://www.google.ro/search?q=net
bonuri de masa 2026,360,afișări GSC × 30/7,,10.9,84,2,salariile.ro/noutati/tichete-de-masa-2026,,avem deja,https://www.google.ro/search?q=bonuri+de+masa+2026
salariu minim romania,356,afișări GSC × 30/7,,6.2,83,1,salariile.ro/salariu-minim,,avem deja,https://www.google.ro/search?q=salariu+minim+romania
brut to net salariu,356,afișări GSC × 30/7,210,2.0,83,2,salariile.ro/,,avem deja,https://www.google.ro/search?q=brut+to+net+salariu
salariu net 2026,351,afișări GSC × 30/7,,1.8,82,2,salariile.ro/,,avem deja,https://www.google.ro/search?q=salariu+net+2026
deducerea personala 2026,351,afișări GSC × 30/7,,6.0,82,0,salariile.ro/metodologie,,avem deja,https://www.google.ro/search?q=deducerea+personala+2026
salariul net minim pe economie 2026,347,afișări GSC × 30/7,,4.9,81,0,salariile.ro/,,avem deja,https://www.google.ro/search?q=salariul+net+minim+pe+economie+2026
salariu medic rezident 2026,343,afișări GSC × 30/7,,6.3,80,1,salariile.ro/salarii/medic-rezident,,avem deja,https://www.google.ro/search?q=salariu+medic+rezident+2026
procuror salariu,343,afișări GSC × 30/7,,7.1,80,2,salariile.ro/salarii/procuror,,avem deja,https://www.google.ro/search?q=procuror+salariu
salariu minim pe economie net 2026,343,afișări GSC × 30/7,,4.2,80,0,salariile.ro/,,avem deja,https://www.google.ro/search?q=salariu+minim+pe+economie+net+2026
cat e minimul pe economie 2026,339,afișări GSC × 30/7,,5.2,79,0,salariile.ro/salariu-minim,,avem deja,https://www.google.ro/search?q=cat+e+minimul+pe+economie+2026
calculator somaj,339,afișări GSC × 30/7,,8.2,79,0,salariile.ro/calculator-indemnizatie-somaj,,avem deja,https://www.google.ro/search?q=calculator+somaj
4500 brut in net,339,afișări GSC × 30/7,,1.6,79,0,salariile.ro/calculator/calcul-salariu-net-4500-brut,,avem deja,https://www.google.ro/search?q=4500+brut+in+net
salariul minim pe economie în românia,339,afișări GSC × 30/7,,7.3,79,0,salariile.ro/salariu-minim,,avem deja,https://www.google.ro/search?q=salariul+minim+pe+economie+%C3%AEn+rom%C3%A2nia
salariul minim pe economie iulie 2026,339,afișări GSC × 30/7,,4.2,79,2,salariile.ro/salariu-minim,,avem deja,https://www.google.ro/search?q=salariul+minim+pe+economie+iulie+2026
libere legale 2027,334,afișări GSC × 30/7,,2.0,78,0,salariile.ro/zile-libere-2027,,avem deja,https://www.google.ro/search?q=libere+legale+2027
legea transparentei salariale,330,afișări GSC × 30/7,,4.8,77,4,salariile.ro/noutati/transparenta-salariala-2026,,avem deja,https://www.google.ro/search?q=legea+transparentei+salariale
cat e salariul minim pe economie 2026,330,afișări GSC × 30/7,,7.0,77,0,salariile.ro/,,avem deja,https://www.google.ro/search?q=cat+e+salariul+minim+pe+economie+2026
calcul varsta pensie,330,SE Ranking,330,nu apărem,0,0,,13,pensie,https://www.google.ro/search?q=calcul+varsta+pensie
salar minim,326,afișări GSC × 30/7,,5.4,76,1,salariile.ro/salariu-minim,,avem deja,https://www.google.ro/search?q=salar+minim
calcul venit net,326,afișări GSC × 30/7,320,3.5,76,4,salariile.ro/,,avem deja,https://www.google.ro/search?q=calcul+venit+net
zile lucratoare octombrie,321,afișări GSC × 30/7,,6.9,75,0,salariile.ro/zile-lucratoare-2026,,avem deja,https://www.google.ro/search?q=zile+lucratoare+octombrie
calcul salariu brut 2026,321,afișări GSC × 30/7,,3.8,75,2,salariile.ro/,,avem deja,https://www.google.ro/search?q=calcul+salariu+brut+2026
unde se depun actele pentru indemnizatie crestere copil,320,SE Ranking,320,nu apărem,0,0,,6,maternitate si crestere copil,https://www.google.ro/search?q=unde+se+depun+actele+pentru+indemnizatie+crestere+copil
calculeaza salariu net,320,SE Ranking,320,3.4,58,0,salariile.ro/,,avem deja,https://www.google.ro/search?q=calculeaza+salariu+net
majorare tichete de masa,320,SE Ranking,320,nu apărem,0,0,,8,tichete de masa,https://www.google.ro/search?q=majorare+tichete+de+masa
venituri luate in calcul indemnizatie crestere copil,320,SE Ranking,320,nu apărem,0,0,,5,maternitate si crestere copil,https://www.google.ro/search?q=venituri+luate+in+calcul+indemnizatie+crestere+copil
salariul minim constructii,320,SE Ranking,320,1.0,1,0,salariile.ro/salariu-minim-constructii-2026,,avem deja,https://www.google.ro/search?q=salariul+minim+constructii
la cat se iese la pensie,320,SE Ranking,320,nu apărem,0,0,,21,pensie,https://www.google.ro/search?q=la+cat+se+iese+la+pensie
indemnizatie de somaj,320,SE Ranking,320,nu apărem,0,0,,16,somaj,https://www.google.ro/search?q=indemnizatie+de+somaj
calcul indemnizatie,320,SE Ranking,320,nu apărem,0,0,,7,maternitate si crestere copil,https://www.google.ro/search?q=calcul+indemnizatie
cerere indemnizatie crestere copil,320,SE Ranking,320,nu apărem,0,0,,6,maternitate si crestere copil,https://www.google.ro/search?q=cerere+indemnizatie+crestere+copil
cat este impozitul pe salariu,320,SE Ranking,320,7.3,23,2,salariile.ro/,,avem deja,https://www.google.ro/search?q=cat+este+impozitul+pe+salariu
calculator salariu constructii,320,SE Ranking,320,7.6,58,0,salariile.ro/calculator-salariu-constructii,,avem deja,https://www.google.ro/search?q=calculator+salariu+constructii
contract colectiv de munca invatamant,320,SE Ranking,320,nu apărem,0,0,,7,contract de munca,https://www.google.ro/search?q=contract+colectiv+de+munca+invatamant
salariu minim constructii,320,SE Ranking,320,3.4,28,0,salariile.ro/salariu-minim-constructii-2026,,avem deja,https://www.google.ro/search?q=salariu+minim+constructii
verificare dosar indemnizatie crestere copil,320,SE Ranking,320,nu apărem,0,0,,11,maternitate si crestere copil,https://www.google.ro/search?q=verificare+dosar+indemnizatie+crestere+copil
verificare contract de munca,320,SE Ranking,320,nu apărem,0,0,,16,contract de munca,https://www.google.ro/search?q=verificare+contract+de+munca
prelungire concediu medical dupa operatie,320,SE Ranking,320,nu apărem,0,0,,7,concediu medical,https://www.google.ro/search?q=prelungire+concediu+medical+dupa+operatie
concediu ingrijire copil bolnav,320,SE Ranking,320,nu apărem,0,0,,8,concediu medical,https://www.google.ro/search?q=concediu+ingrijire+copil+bolnav
formular demisie,320,SE Ranking,320,nu apărem,0,0,,10,demisie,https://www.google.ro/search?q=formular+demisie
lege tichete de masa,320,SE Ranking,320,nu apărem,0,0,,8,tichete de masa,https://www.google.ro/search?q=lege+tichete+de+masa
valoare tichet de masa,320,SE Ranking,320,nu apărem,0,0,,12,tichete de masa,https://www.google.ro/search?q=valoare+tichet+de+masa
cat este minim pe economie,320,SE Ranking,320,5.0,20,0,salariile.ro/salariu-minim,,avem deja,https://www.google.ro/search?q=cat+este+minim+pe+economie
calculator salariu sanatate,320,SE Ranking,320,8.9,11,3,salariile.ro/calculator-salariu-sanatate,,avem deja,https://www.google.ro/search?q=calculator+salariu+sanatate
indemnizatie de maternitate,320,SE Ranking,320,nu apărem,0,0,,12,maternitate si crestere copil,https://www.google.ro/search?q=indemnizatie+de+maternitate
legislatie tichete de masa,320,SE Ranking,320,nu apărem,0,0,,13,tichete de masa,https://www.google.ro/search?q=legislatie+tichete+de+masa
cod indemnizatie concediu medical,320,SE Ranking,320,nu apărem,0,0,,7,concediu medical,https://www.google.ro/search?q=cod+indemnizatie+concediu+medical
salariu net in brut,320,SE Ranking,320,2.6,61,3,salariile.ro/,,avem deja,https://www.google.ro/search?q=salariu+net+in+brut
formulare demisie,320,SE Ranking,320,nu apărem,0,0,,6,demisie,https://www.google.ro/search?q=formulare+demisie
contract colectiv de munca,320,SE Ranking,320,nu apărem,0,0,,15,contract de munca,https://www.google.ro/search?q=contract+colectiv+de+munca
net sau brut,320,SE Ranking,320,4.8,64,0,salariile.ro/,,avem deja,https://www.google.ro/search?q=net+sau+brut
calcul salariu sanatate,320,SE Ranking,320,11.5,4,0,salariile.ro/calculator-salariu-sanatate,,avem deja,https://www.google.ro/search?q=calcul+salariu+sanatate
cat e salariu minim pe economie net,320,SE Ranking,320,4.5,12,0,salariile.ro/,,avem deja,https://www.google.ro/search?q=cat+e+salariu+minim+pe+economie+net
venit brut net,320,SE Ranking,320,3.1,17,0,salariile.ro/,,avem deja,https://www.google.ro/search?q=venit+brut+net
calcul concediu maternitate,320,SE Ranking,320,nu apărem,0,0,,9,maternitate si crestere copil,https://www.google.ro/search?q=calcul+concediu+maternitate
calculator concediu maternitate,320,SE Ranking,320,nu apărem,0,0,,9,maternitate si crestere copil,https://www.google.ro/search?q=calculator+concediu+maternitate
cine plateste concediu prenatal,320,SE Ranking,320,nu apărem,0,0,,8,maternitate si crestere copil,https://www.google.ro/search?q=cine+plateste+concediu+prenatal
valoare tichete de masa,320,SE Ranking,320,6.0,1,0,salariile.ro/noutati/tichete-de-masa-2026,11,tichete de masa,https://www.google.ro/search?q=valoare+tichete+de+masa
coduri diagnostice concediu medical,320,SE Ranking,320,nu apărem,0,0,,6,concediu medical,https://www.google.ro/search?q=coduri+diagnostice+concediu+medical
la cati ani se iese la pensie,320,SE Ranking,320,nu apărem,0,0,,21,pensie,https://www.google.ro/search?q=la+cati+ani+se+iese+la+pensie
verificare contract de munca online,320,SE Ranking,320,nu apărem,0,0,,20,contract de munca,https://www.google.ro/search?q=verificare+contract+de+munca+online
calculator salarii it,320,SE Ranking,320,7.6,7,0,salariile.ro/,,avem deja,https://www.google.ro/search?q=calculator+salarii+it
calcul concediu crestere copil,320,SE Ranking,320,nu apărem,0,0,,7,maternitate si crestere copil,https://www.google.ro/search?q=calcul+concediu+crestere+copil
cerere suspendare contract de munca,320,SE Ranking,320,nu apărem,0,0,,7,contract de munca,https://www.google.ro/search?q=cerere+suspendare+contract+de+munca
program calcul punctaj pensie,320,SE Ranking,320,nu apărem,0,0,,12,pensie,https://www.google.ro/search?q=program+calcul+punctaj+pensie
salariu mediu romania,317,afișări GSC × 30/7,,7.6,74,0,salariile.ro/salariu-mediu,,avem deja,https://www.google.ro/search?q=salariu+mediu+romania
registrator medical salariu,317,afișări GSC × 30/7,,7.9,74,1,salariile.ro/salarii/registrator-medical,,avem deja,https://www.google.ro/search?q=registrator+medical+salariu
salariu profesor,317,afișări GSC × 30/7,,8.0,74,0,salariile.ro/calculator-salariu-invatamant,,avem deja,https://www.google.ro/search?q=salariu+profesor
cosul minim de consum 2026,313,afișări GSC × 30/7,,2.1,73,8,salariile.ro/noutati/cosul-minim-de-consum,,avem deja,https://www.google.ro/search?q=cosul+minim+de+consum+2026
salariu minim brut 2026,309,afișări GSC × 30/7,,3.9,72,0,salariile.ro/salariu-minim,,avem deja,https://www.google.ro/search?q=salariu+minim+brut+2026
norma octombrie 2026,309,afișări GSC × 30/7,,6.3,72,1,salariile.ro/zile-lucratoare-2026,,avem deja,https://www.google.ro/search?q=norma+octombrie+2026
minim pe economie de la 1 iulie 2026,309,afișări GSC × 30/7,,8.1,72,0,salariile.ro/salariu-minim,,avem deja,https://www.google.ro/search?q=minim+pe+economie+de+la+1+iulie+2026
venitul net,309,afișări GSC × 30/7,,2.2,72,2,salariile.ro/,,avem deja,https://www.google.ro/search?q=venitul+net
zile.libere 2027,304,afișări GSC × 30/7,,8.1,71,0,salariile.ro/zile-libere-2027,,avem deja,https://www.google.ro/search?q=zile.libere+2027
norma de lucru 2026,304,afișări GSC × 30/7,,3.7,71,1,salariile.ro/zile-lucratoare-2026,,avem deja,https://www.google.ro/search?q=norma+de+lucru+2026
cate zile lucratoare sunt in august 2026,304,afișări GSC × 30/7,,4.4,71,0,salariile.ro/zile-lucratoare-2026,,avem deja,https://www.google.ro/search?q=cate+zile+lucratoare+sunt+in+august+2026
salariu brut 2026,300,afișări GSC × 30/7,,3.3,70,1,salariile.ro/,,avem deja,https://www.google.ro/search?q=salariu+brut+2026
salariu part time 4 ore 2026,300,afișări GSC × 30/7,,4.0,70,2,salariile.ro/calculator-salariu-part-time,,avem deja,https://www.google.ro/search?q=salariu+part+time+4+ore+2026
minim pe economie romania,300,afișări GSC × 30/7,,7.4,70,0,salariile.ro/salariu-minim,,avem deja,https://www.google.ro/search?q=minim+pe+economie+romania
zile lucratoare august,300,afișări GSC × 30/7,,5.3,70,0,salariile.ro/zile-lucratoare-2026,,avem deja,https://www.google.ro/search?q=zile+lucratoare+august
salariul minim in romania,296,afișări GSC × 30/7,,5.6,69,0,salariile.ro/salariu-minim,,avem deja,https://www.google.ro/search?q=salariul+minim+in+romania
numar zile lucratoare 2026,296,afișări GSC × 30/7,,4.8,69,0,salariile.ro/zile-lucratoare-2026,,avem deja,https://www.google.ro/search?q=numar+zile+lucratoare+2026
minimu pe economie 2026,296,afișări GSC × 30/7,,7.6,69,0,salariile.ro/salariu-minim,,avem deja,https://www.google.ro/search?q=minimu+pe+economie+2026
tabel deducere personala 2026,291,afișări GSC × 30/7,,4.3,68,3,salariile.ro/deducere-personala-2026,,avem deja,https://www.google.ro/search?q=tabel+deducere+personala+2026
salariul minim in constructii 2026,287,afișări GSC × 30/7,,4.4,67,1,salariile.ro/salariu-minim-constructii-2026,,avem deja,https://www.google.ro/search?q=salariul+minim+in+constructii+2026
calcul net,287,afișări GSC × 30/7,,2.7,67,2,salariile.ro/,,avem deja,https://www.google.ro/search?q=calcul+net
care este minimul pe economie,283,afișări GSC × 30/7,140,5.0,66,0,salariile.ro/salariu-minim,,avem deja,https://www.google.ro/search?q=care+este+minimul+pe+economie
salar brut net,283,afișări GSC × 30/7,140,2.1,66,2,salariile.ro/,,avem deja,https://www.google.ro/search?q=salar+brut+net
cate zile lucratoare are luna septembrie 2026,283,afișări GSC × 30/7,,3.0,66,1,salariile.ro/zile-lucratoare-2026,,avem deja,https://www.google.ro/search?q=cate+zile+lucratoare+are+luna+septembrie+2026
salariul minim net pe economie 2025,279,afișări GSC × 30/7,,10.1,65,1,salariile.ro/,,avem deja,https://www.google.ro/search?q=salariul+minim+net+pe+economie+2025
plafoane pfa 2026,279,afișări GSC × 30/7,,8.9,65,0,salariile.ro/calculator-pfa,,avem deja,https://www.google.ro/search?q=plafoane+pfa+2026
calendar zile lucratoare 2027,279,afișări GSC × 30/7,,6.7,65,1,salariile.ro/zile-lucratoare-2027,,avem deja,https://www.google.ro/search?q=calendar+zile+lucratoare+2027
venitul net minim pe economie,279,afișări GSC × 30/7,,4.8,65,0,salariile.ro/,,avem deja,https://www.google.ro/search?q=venitul+net+minim+pe+economie
octombrie zile lucratoare,279,afișări GSC × 30/7,,5.0,65,0,salariile.ro/zile-lucratoare-2026,,avem deja,https://www.google.ro/search?q=octombrie+zile+lucratoare
calcul salarii net,274,afișări GSC × 30/7,,3.4,64,2,salariile.ro/,,avem deja,https://www.google.ro/search?q=calcul+salarii+net
salariu brut calculator,274,afișări GSC × 30/7,,3.7,64,0,salariile.ro/,,avem deja,https://www.google.ro/search?q=salariu+brut+calculator
zile lucrătoare august 2026,274,afișări GSC × 30/7,,3.4,64,3,salariile.ro/zile-lucratoare-2026,,avem deja,https://www.google.ro/search?q=zile+lucr%C4%83toare+august+2026
7300 brut in net,274,afișări GSC × 30/7,,9.3,64,0,salariile.ro/,,avem deja,https://www.google.ro/search?q=7300+brut+in+net
cat este salariu minim pe economie 2026,270,afișări GSC × 30/7,,6.4,63,0,salariile.ro/salariu-minim,,avem deja,https://www.google.ro/search?q=cat+este+salariu+minim+pe+economie+2026
ce înseamnă salariu net,270,afișări GSC × 30/7,,6.1,63,0,salariile.ro/,,avem deja,https://www.google.ro/search?q=ce+%C3%AEnseamn%C4%83+salariu+net
zile lucratoare sept 2026,266,afișări GSC × 30/7,,3.3,62,0,salariile.ro/zile-lucratoare-2026,,avem deja,https://www.google.ro/search?q=zile+lucratoare+sept+2026
salariu minim pe economie septembrie 2026,266,afișări GSC × 30/7,,3.3,62,1,salariile.ro/,,avem deja,https://www.google.ro/search?q=salariu+minim+pe+economie+septembrie+2026
minim economie 2026,266,afișări GSC × 30/7,,5.9,62,0,salariile.ro/salariu-minim,,avem deja,https://www.google.ro/search?q=minim+economie+2026
salariu brut minim pe economie 2026,261,afișări GSC × 30/7,,6.0,61,2,salariile.ro/,,avem deja,https://www.google.ro/search?q=salariu+brut+minim+pe+economie+2026
salariu mediu brut pe economie,260,SE Ranking,260,6.3,9,0,salariile.ro/salariu-mediu,,avem deja,https://www.google.ro/search?q=salariu+mediu+brut+pe+economie
calculator salariu cu ore suplimentare,260,SE Ranking,260,50.0,1,0,salariile.ro/,,avem deja,https://www.google.ro/search?q=calculator+salariu+cu+ore+suplimentare
salariu minim brut romania,260,SE Ranking,260,7.1,18,0,salariile.ro/salariu-minim,,avem deja,https://www.google.ro/search?q=salariu+minim+brut+romania
contract de munca pe perioada determinata,260,SE Ranking,260,nu apărem,0,0,,8,contract de munca,https://www.google.ro/search?q=contract+de+munca+pe+perioada+determinata
impozit salariu,260,SE Ranking,260,4.5,20,0,salariile.ro/,,avem deja,https://www.google.ro/search?q=impozit+salariu
prelungire contract de munca dupa pensionare,260,SE Ranking,260,nu apărem,0,0,,7,contract de munca,https://www.google.ro/search?q=prelungire+contract+de+munca+dupa+pensionare
calculator taxe salariu,260,SE Ranking,260,3.1,38,2,salariile.ro/,,avem deja,https://www.google.ro/search?q=calculator+taxe+salariu
calcul brut,260,SE Ranking,260,3.9,34,0,salariile.ro/,,avem deja,https://www.google.ro/search?q=calcul+brut
calculeaza brut,260,SE Ranking,260,nu apărem,0,0,,,,https://www.google.ro/search?q=calculeaza+brut
calcul salariu avansat,260,SE Ranking,260,4.7,6,0,salariile.ro/,,avem deja,https://www.google.ro/search?q=calcul+salariu+avansat
salariu net la brut,260,SE Ranking,260,2.5,27,1,salariile.ro/,,avem deja,https://www.google.ro/search?q=salariu+net+la+brut
desfacere contract de munca cu litera i,260,SE Ranking,260,nu apărem,0,0,,11,contract de munca,https://www.google.ro/search?q=desfacere+contract+de+munca+cu+litera+i
calculator salariu net brut,260,SE Ranking,260,3.7,43,0,salariile.ro/,,avem deja,https://www.google.ro/search?q=calculator+salariu+net+brut
ce este salariu net,260,SE Ranking,260,7.1,13,0,salariile.ro/,,avem deja,https://www.google.ro/search?q=ce+este+salariu+net
model contract de munca,260,SE Ranking,260,nu apărem,0,0,,12,contract de munca,https://www.google.ro/search?q=model+contract+de+munca
ce taxe plateste un pfa,260,SE Ranking,260,12.3,35,0,salariile.ro/calculator-pfa,,avem deja,https://www.google.ro/search?q=ce+taxe+plateste+un+pfa
salarii medii brute pe economie,260,SE Ranking,260,nu apărem,0,0,,,,https://www.google.ro/search?q=salarii+medii+brute+pe+economie
desfacere contract de munca,260,SE Ranking,260,nu apărem,0,0,,7,contract de munca,https://www.google.ro/search?q=desfacere+contract+de+munca
cerere demisie la zi,260,SE Ranking,260,nu apărem,0,0,,6,demisie,https://www.google.ro/search?q=cerere+demisie+la+zi
calculator salarii avansat,260,SE Ranking,260,4.2,6,0,salariile.ro/,,avem deja,https://www.google.ro/search?q=calculator+salarii+avansat
salariul mediu brut pe economie,260,SE Ranking,260,3.3,11,0,salariile.ro/salariu-mediu,,avem deja,https://www.google.ro/search?q=salariul+mediu+brut+pe+economie
cerere de demisie model,260,SE Ranking,260,nu apărem,0,0,,8,demisie,https://www.google.ro/search?q=cerere+de+demisie+model
calculator salariu avansat,260,SE Ranking,260,4.4,18,1,salariile.ro/,,avem deja,https://www.google.ro/search?q=calculator+salariu+avansat
calcul salarial,260,SE Ranking,260,6.4,47,1,salariile.ro/,,avem deja,https://www.google.ro/search?q=calcul+salarial
contract de munca model,260,SE Ranking,260,nu apărem,0,0,,7,contract de munca,https://www.google.ro/search?q=contract+de+munca+model
salariul minim brut romania,260,SE Ranking,260,6.6,10,0,salariile.ro/salariu-minim,,avem deja,https://www.google.ro/search?q=salariul+minim+brut+romania
calcul taxe salariu,260,SE Ranking,260,3.0,5,0,salariile.ro/,,avem deja,https://www.google.ro/search?q=calcul+taxe+salariu
cerere de demisie cu preaviz,260,SE Ranking,260,nu apărem,0,0,,8,demisie,https://www.google.ro/search?q=cerere+de+demisie+cu+preaviz
brut sau net,260,SE Ranking,260,4.3,48,0,salariile.ro/,,avem deja,https://www.google.ro/search?q=brut+sau+net
salariu brut net calculator,260,SE Ranking,260,3.7,60,0,salariile.ro/,,avem deja,https://www.google.ro/search?q=salariu+brut+net+calculator
fluturas salariu infirmiera 2026,257,afișări GSC × 30/7,,6.6,60,0,salariile.ro/fluturas-salariu,,avem deja,https://www.google.ro/search?q=fluturas+salariu+infirmiera+2026
salariu minim in constructii 2026,257,afișări GSC × 30/7,,4.6,60,0,salariile.ro/salariu-minim-constructii-2026,,avem deja,https://www.google.ro/search?q=salariu+minim+in+constructii+2026
nr zile lucratoare 2026,257,afișări GSC × 30/7,,7.5,60,0,salariile.ro/zile-lucratoare-2026,,avem deja,https://www.google.ro/search?q=nr+zile+lucratoare+2026
cat este minimul pe economie,257,afișări GSC × 30/7,170,4.9,60,2,salariile.ro/salariu-minim,,avem deja,https://www.google.ro/search?q=cat+este+minimul+pe+economie
salariu jandarm,257,afișări GSC × 30/7,,7.0,60,0,salariile.ro/salarii/jandarm,,avem deja,https://www.google.ro/search?q=salariu+jandarm
norma septembrie 2026,257,afișări GSC × 30/7,,3.2,60,2,salariile.ro/zile-lucratoare-2026,,avem deja,https://www.google.ro/search?q=norma+septembrie+2026
cât este salariul minim pe economie net,253,afișări GSC × 30/7,,4.6,59,0,salariile.ro/,,avem deja,https://www.google.ro/search?q=c%C3%A2t+este+salariul+minim+pe+economie+net
calculator salarii 2025,253,afișări GSC × 30/7,,7.6,59,0,salariile.ro/,,avem deja,https://www.google.ro/search?q=calculator+salarii+2025
salariul minim pe economie net 2026,253,afișări GSC × 30/7,,5.0,59,1,salariile.ro/,,avem deja,https://www.google.ro/search?q=salariul+minim+pe+economie+net+2026
norma lucru 2026,249,afișări GSC × 30/7,,3.9,58,0,salariile.ro/zile-lucratoare-2026,,avem deja,https://www.google.ro/search?q=norma+lucru+2026
tichete de masa 2026,244,afișări GSC × 30/7,,9.5,57,2,salariile.ro/noutati/tichete-de-masa-2026,,avem deja,https://www.google.ro/search?q=tichete+de+masa+2026
care este salariul minim pe economie 2026,244,afișări GSC × 30/7,,7.6,57,0,salariile.ro/,,avem deja,https://www.google.ro/search?q=care+este+salariul+minim+pe+economie+2026
brut to net romania,244,afișări GSC × 30/7,,2.7,57,2,salariile.ro/,,avem deja,https://www.google.ro/search?q=brut+to+net+romania
cat e salariu minim pe economie 2026,244,afișări GSC × 30/7,,6.9,57,0,salariile.ro/salariu-minim,,avem deja,https://www.google.ro/search?q=cat+e+salariu+minim+pe+economie+2026
model cerere demisie,240,SE Ranking,240,nu apărem,0,0,,6,demisie,https://www.google.ro/search?q=model+cerere+demisie
cate zile lucratoare sunt in 2026,240,afișări GSC × 30/7,,3.9,56,0,salariile.ro/zile-lucratoare-2026,,avem deja,https://www.google.ro/search?q=cate+zile+lucratoare+sunt+in+2026
salariu minim economie,240,afișări GSC × 30/7,,5.2,56,1,salariile.ro/salariu-minim,,avem deja,https://www.google.ro/search?q=salariu+minim+economie
salariu profesor debutant 2026,236,afișări GSC × 30/7,,9.0,55,1,salariile.ro/calculator-salariu-invatamant,,avem deja,https://www.google.ro/search?q=salariu+profesor+debutant+2026
salariu minim economie 2026,236,afișări GSC × 30/7,,6.1,55,0,salariile.ro/salariu-minim,,avem deja,https://www.google.ro/search?q=salariu+minim+economie+2026
6000 lei brut in net,236,afișări GSC × 30/7,,3.0,55,0,salariile.ro/calculator/calcul-salariu-net-6000-brut,,avem deja,https://www.google.ro/search?q=6000+lei+brut+in+net
concedii medicale 2026,236,afișări GSC × 30/7,,9.6,55,4,salariile.ro/noutati/concediu-medical-2026,,avem deja,https://www.google.ro/search?q=concedii+medicale+2026
sarbatori 2027,231,afișări GSC × 30/7,,7.3,54,1,salariile.ro/zile-libere-2027,,avem deja,https://www.google.ro/search?q=sarbatori+2027
salariul minim 2026 net,231,afișări GSC × 30/7,,4.2,54,0,salariile.ro/,,avem deja,https://www.google.ro/search?q=salariul+minim+2026+net
bonuri de masa valoare minima,231,afișări GSC × 30/7,,8.9,54,1,salariile.ro/noutati/tichete-de-masa-2026,,avem deja,https://www.google.ro/search?q=bonuri+de+masa+valoare+minima
calculator salariu profesor,231,afișări GSC × 30/7,,2.2,54,3,salariile.ro/calculator-salariu-invatamant,,avem deja,https://www.google.ro/search?q=calculator+salariu+profesor
7000 lei brut in net,231,afișări GSC × 30/7,,2.9,54,0,salariile.ro/calculator/calcul-salariu-net-7000-brut,,avem deja,https://www.google.ro/search?q=7000+lei+brut+in+net
salariul minim pe economie 2026 net,231,afișări GSC × 30/7,,4.8,54,1,salariile.ro/,,avem deja,https://www.google.ro/search?q=salariul+minim+pe+economie+2026+net
salariu minim net romania,231,afișări GSC × 30/7,,6.7,54,0,salariile.ro/salariu-minim,,avem deja,https://www.google.ro/search?q=salariu+minim+net+romania
zile lucratoare mai 2026,227,afișări GSC × 30/7,,6.2,53,0,salariile.ro/zile-lucratoare-2026,,avem deja,https://www.google.ro/search?q=zile+lucratoare+mai+2026
7600 brut in net,227,afișări GSC × 30/7,,8.1,53,0,salariile.ro/,,avem deja,https://www.google.ro/search?q=7600+brut+in+net
5100 brut in net,227,afișări GSC × 30/7,,8.9,53,0,salariile.ro/,,avem deja,https://www.google.ro/search?q=5100+brut+in+net
salariu minim de la 1 iulie 2026,223,afișări GSC × 30/7,,4.4,52,1,salariile.ro/salariu-minim,,avem deja,https://www.google.ro/search?q=salariu+minim+de+la+1+iulie+2026
zile libere nationale 2027,223,afișări GSC × 30/7,,7.0,52,0,salariile.ro/zile-libere-2027,,avem deja,https://www.google.ro/search?q=zile+libere+nationale+2027
taxe pfa 2026,223,afișări GSC × 30/7,,3.0,52,3,salariile.ro/calculator-pfa,,avem deja,https://www.google.ro/search?q=taxe+pfa+2026
venit brut in net,223,afișări GSC × 30/7,,2.3,52,3,salariile.ro/,,avem deja,https://www.google.ro/search?q=venit+brut+in+net
valoare bonuri de masa 2026,223,afișări GSC × 30/7,,7.0,52,0,salariile.ro/noutati/tichete-de-masa-2026,,avem deja,https://www.google.ro/search?q=valoare+bonuri+de+masa+2026
salar minim net,219,afișări GSC × 30/7,,4.0,51,2,salariile.ro/,,avem deja,https://www.google.ro/search?q=salar+minim+net
salarii invatamant 2026,219,afișări GSC × 30/7,,3.9,51,4,salariile.ro/calculator-salariu-invatamant,,avem deja,https://www.google.ro/search?q=salarii+invatamant+2026
venit minim net 2026,219,afișări GSC × 30/7,,4.5,51,0,salariile.ro/,,avem deja,https://www.google.ro/search?q=venit+minim+net+2026
calculator salar brut,219,afișări GSC × 30/7,,4.0,51,0,salariile.ro/,,avem deja,https://www.google.ro/search?q=calculator+salar+brut
cate ore lucratoare sunt in septembrie 2026,219,afișări GSC × 30/7,,2.7,51,1,salariile.ro/zile-lucratoare-2026,,avem deja,https://www.google.ro/search?q=cate+ore+lucratoare+sunt+in+septembrie+2026
ce inseamna indexarea salariilor,219,afișări GSC × 30/7,,4.5,51,2,salariile.ro/noutati/indexarea-salariului-inflatie-2026,,avem deja,https://www.google.ro/search?q=ce+inseamna+indexarea+salariilor
salariul mediu net pe economie 2026,219,afișări GSC × 30/7,,5.1,51,2,salariile.ro/salariu-mediu,,avem deja,https://www.google.ro/search?q=salariul+mediu+net+pe+economie+2026
salariu jandarm 2026,219,afișări GSC × 30/7,,3.5,51,0,salariile.ro/salarii/jandarm,,avem deja,https://www.google.ro/search?q=salariu+jandarm+2026
salariu pompier,219,afișări GSC × 30/7,,8.6,51,0,salariile.ro/salarii/pompier,,avem deja,https://www.google.ro/search?q=salariu+pompier
salar net minim pe economie 2026,219,afișări GSC × 30/7,,4.2,51,0,salariile.ro/,,avem deja,https://www.google.ro/search?q=salar+net+minim+pe+economie+2026
cat e salariul minim net pe economie 2026,214,afișări GSC × 30/7,,4.8,50,0,salariile.ro/,,avem deja,https://www.google.ro/search?q=cat+e+salariul+minim+net+pe+economie+2026
venit net vs brut,210,afișări GSC × 30/7,,3.5,49,0,salariile.ro/,,avem deja,https://www.google.ro/search?q=venit+net+vs+brut
formula calcul salariu pe ora,210,SE Ranking,210,nu apărem,0,0,,,,https://www.google.ro/search?q=formula+calcul+salariu+pe+ora
de la brut la net,210,SE Ranking,210,2.5,35,2,salariile.ro/,,avem deja,https://www.google.ro/search?q=de+la+brut+la+net
calculul salariului net,210,SE Ranking,210,3.1,29,0,salariile.ro/,,avem deja,https://www.google.ro/search?q=calculul+salariului+net
cat este indemnizatia de somaj,210,SE Ranking,210,nu apărem,0,0,,15,somaj,https://www.google.ro/search?q=cat+este+indemnizatia+de+somaj
calculator salarii brut,210,SE Ranking,210,3.8,30,0,salariile.ro/,,avem deja,https://www.google.ro/search?q=calculator+salarii+brut
calculeaza salariu brut,210,SE Ranking,210,3.8,9,0,salariile.ro/,,avem deja,https://www.google.ro/search?q=calculeaza+salariu+brut
taxe salariu,210,SE Ranking,210,2.6,15,1,salariile.ro/,,avem deja,https://www.google.ro/search?q=taxe+salariu
calculator salariu it,210,SE Ranking,210,16.8,12,0,salariile.ro/,,avem deja,https://www.google.ro/search?q=calculator+salariu+it
calculator venituri,210,SE Ranking,210,15.1,16,1,salariile.ro/,,avem deja,https://www.google.ro/search?q=calculator+venituri
impozit salariu 2026,210,afișări GSC × 30/7,,2.1,49,5,salariile.ro/,,avem deja,https://www.google.ro/search?q=impozit+salariu+2026
fluturas salariu online,210,SE Ranking,210,2.4,32,0,salariile.ro/fluturas-salariu,,avem deja,https://www.google.ro/search?q=fluturas+salariu+online
cere de demisie,210,SE Ranking,210,nu apărem,0,0,,7,demisie,https://www.google.ro/search?q=cere+de+demisie
perioada preaviz demisie,210,SE Ranking,210,nu apărem,0,0,,7,demisie,https://www.google.ro/search?q=perioada+preaviz+demisie
cerere demisie pdf,210,SE Ranking,210,nu apărem,0,0,,7,demisie,https://www.google.ro/search?q=cerere+demisie+pdf
demisie in perioada de proba,210,SE Ranking,210,nu apărem,0,0,,9,demisie,https://www.google.ro/search?q=demisie+in+perioada+de+proba
cerere suspendare contract de munca crestere copil,210,SE Ranking,210,nu apărem,0,0,,6,contract de munca,https://www.google.ro/search?q=cerere+suspendare+contract+de+munca+crestere+copil
cat este salariul minim,210,SE Ranking,210,5.0,22,0,salariile.ro/salariu-minim,,avem deja,https://www.google.ro/search?q=cat+este+salariul+minim
calculator salarii constructii,210,SE Ranking,210,5.9,44,0,salariile.ro/calculator-salariu-constructii,,avem deja,https://www.google.ro/search?q=calculator+salarii+constructii
salar minim in constructii,210,SE Ranking,210,3.2,4,0,salariile.ro/salariu-minim-constructii-2026,,avem deja,https://www.google.ro/search?q=salar+minim+in+constructii
salariu minim in constructii,210,SE Ranking,210,3.6,10,0,salariile.ro/salariu-minim-constructii-2026,,avem deja,https://www.google.ro/search?q=salariu+minim+in+constructii
calc salariu net,210,afișări GSC × 30/7,,3.5,49,0,salariile.ro/,,avem deja,https://www.google.ro/search?q=calc+salariu+net
taxe salariu minim,210,SE Ranking,210,3.3,28,1,salariile.ro/,,avem deja,https://www.google.ro/search?q=taxe+salariu+minim
pfa 2026,210,afișări GSC × 30/7,,10.2,49,0,salariile.ro/calculator-pfa,,avem deja,https://www.google.ro/search?q=pfa+2026
durata maxima suspendare contract de munca,210,SE Ranking,210,nu apărem,0,0,,7,contract de munca,https://www.google.ro/search?q=durata+maxima+suspendare+contract+de+munca
calcul venit brut,210,SE Ranking,210,3.8,21,0,salariile.ro/,,avem deja,https://www.google.ro/search?q=calcul+venit+brut
calcularea salariului net,210,SE Ranking,210,3.8,18,2,salariile.ro/,,avem deja,https://www.google.ro/search?q=calcularea+salariului+net
evolutia salariului mediu brut pe economie,210,SE Ranking,210,nu apărem,0,0,,,,https://www.google.ro/search?q=evolutia+salariului+mediu+brut+pe+economie
taxe salarii,210,SE Ranking,210,1.4,11,0,salariile.ro/,,avem deja,https://www.google.ro/search?q=taxe+salarii
salariu invatamant,210,afișări GSC × 30/7,,2.9,49,10,salariile.ro/calculator-salariu-invatamant,,avem deja,https://www.google.ro/search?q=salariu+invatamant
cerere incetare contract de munca pensionare,210,SE Ranking,210,nu apărem,0,0,,7,contract de munca,https://www.google.ro/search?q=cerere+incetare+contract+de+munca+pensionare
zile lucratoare in septembrie 2026,206,afișări GSC × 30/7,,2.4,48,0,salariile.ro/zile-lucratoare-2026,,avem deja,https://www.google.ro/search?q=zile+lucratoare+in+septembrie+2026
grile legea salarizarii 2026,201,afișări GSC × 30/7,,8.1,47,0,salariile.ro/noutati/legea-salarizarii-2026,,avem deja,https://www.google.ro/search?q=grile+legea+salarizarii+2026
zile lucratoare 2026 pe luni,201,afișări GSC × 30/7,,4.9,47,1,salariile.ro/zile-lucratoare-2026,,avem deja,https://www.google.ro/search?q=zile+lucratoare+2026+pe+luni
salar minim constructii 2026,201,afișări GSC × 30/7,,3.2,47,1,salariile.ro/salariu-minim-constructii-2026,,avem deja,https://www.google.ro/search?q=salar+minim+constructii+2026
salar minim 2026,201,afișări GSC × 30/7,,5.7,47,0,salariile.ro/salariu-minim,,avem deja,https://www.google.ro/search?q=salar+minim+2026
simulare salariu 2026,201,afișări GSC × 30/7,,3.0,47,3,salariile.ro/,,avem deja,https://www.google.ro/search?q=simulare+salariu+2026
salar mediu net 2026,201,afișări GSC × 30/7,,6.0,47,0,salariile.ro/salariu-mediu,,avem deja,https://www.google.ro/search?q=salar+mediu+net+2026
valoare maxima tichete de masa 2026,201,afișări GSC × 30/7,,5.7,47,0,salariile.ro/noutati/tichete-de-masa-2026,,avem deja,https://www.google.ro/search?q=valoare+maxima+tichete+de+masa+2026
venitul minim pe economie 2026,201,afișări GSC × 30/7,,8.0,47,0,salariile.ro/,,avem deja,https://www.google.ro/search?q=venitul+minim+pe+economie+2026
cât e minimul pe economie,197,afișări GSC × 30/7,,6.0,46,0,salariile.ro/salariu-minim,,avem deja,https://www.google.ro/search?q=c%C3%A2t+e+minimul+pe+economie
salariu registrator medical debutant,197,afișări GSC × 30/7,,2.5,46,2,salariile.ro/salarii/registrator-medical,,avem deja,https://www.google.ro/search?q=salariu+registrator+medical+debutant
net brut calculator,197,afișări GSC × 30/7,,3.3,46,2,salariile.ro/,,avem deja,https://www.google.ro/search?q=net+brut+calculator
venitul net minim pe economie 2026,197,afișări GSC × 30/7,,4.5,46,2,salariile.ro/,,avem deja,https://www.google.ro/search?q=venitul+net+minim+pe+economie+2026
salariu mediu 2026,197,afișări GSC × 30/7,,2.1,46,0,salariile.ro/salariu-mediu,,avem deja,https://www.google.ro/search?q=salariu+mediu+2026
cat este salariul net minim pe economie,197,afișări GSC × 30/7,170,3.8,46,1,salariile.ro/,,avem deja,https://www.google.ro/search?q=cat+este+salariul+net+minim+pe+economie
salariu preot 2026,197,afișări GSC × 30/7,,5.0,46,0,salariile.ro/salarii/preot,,avem deja,https://www.google.ro/search?q=salariu+preot+2026
6800 brut in net,193,afișări GSC × 30/7,,6.9,45,0,salariile.ro/,,avem deja,https://www.google.ro/search?q=6800+brut+in+net
salariu net ce inseamna,193,afișări GSC × 30/7,,6.3,45,0,salariile.ro/,,avem deja,https://www.google.ro/search?q=salariu+net+ce+inseamna
salariu constructii 2026,193,afișări GSC × 30/7,,3.8,45,2,salariile.ro/salariu-minim-constructii-2026,,avem deja,https://www.google.ro/search?q=salariu+constructii+2026
cât este salariul minim pe economie în românia,193,afișări GSC × 30/7,,7.2,45,0,salariile.ro/salariu-minim,,avem deja,https://www.google.ro/search?q=c%C3%A2t+este+salariul+minim+pe+economie+%C3%AEn+rom%C3%A2nia
care este venitul net la salariul minim pe economie,193,afișări GSC × 30/7,,3.9,45,3,salariile.ro/,,avem deja,https://www.google.ro/search?q=care+este+venitul+net+la+salariul+minim+pe+economie
calcul taxe pfa,189,afișări GSC × 30/7,,9.0,44,1,salariile.ro/calculator-pfa,,avem deja,https://www.google.ro/search?q=calcul+taxe+pfa
salariul,189,afișări GSC × 30/7,,5.0,44,0,salariile.ro/,,avem deja,https://www.google.ro/search?q=salariul
4050 brut in net,189,afișări GSC × 30/7,,4.6,44,0,salariile.ro/calculator/calcul-salariu-net-4050-brut,,avem deja,https://www.google.ro/search?q=4050+brut+in+net
cât este salariul minim net pe economie,189,afișări GSC × 30/7,,4.4,44,0,salariile.ro/,,avem deja,https://www.google.ro/search?q=c%C3%A2t+este+salariul+minim+net+pe+economie
salariu procuror,189,afișări GSC × 30/7,,6.4,44,1,salariile.ro/salarii/procuror,,avem deja,https://www.google.ro/search?q=salariu+procuror
salariul brut 2026,184,afișări GSC × 30/7,,4.3,43,0,salariile.ro/,,avem deja,https://www.google.ro/search?q=salariul+brut+2026
salariu grefier,184,afișări GSC × 30/7,,4.5,43,0,salariile.ro/salarii/grefier,,avem deja,https://www.google.ro/search?q=salariu+grefier
zile lucratoare luna septembrie 2026,184,afișări GSC × 30/7,,2.5,43,1,salariile.ro/zile-lucratoare-2026,,avem deja,https://www.google.ro/search?q=zile+lucratoare+luna+septembrie+2026
calcul salariu minim pe economie 2026,184,afișări GSC × 30/7,,1.2,43,1,salariile.ro/,,avem deja,https://www.google.ro/search?q=calcul+salariu+minim+pe+economie+2026
venit net si brut,180,afișări GSC × 30/7,110,3.6,42,0,salariile.ro/,,avem deja,https://www.google.ro/search?q=venit+net+si+brut
calculator net salariu,180,afișări GSC × 30/7,,3.3,42,0,salariile.ro/,,avem deja,https://www.google.ro/search?q=calculator+net+salariu
calc salariu,176,afișări GSC × 30/7,,3.8,41,0,salariile.ro/,,avem deja,https://www.google.ro/search?q=calc+salariu
calculator salariu constructii 2026,176,afișări GSC × 30/7,,3.7,41,2,salariile.ro/calculator-salariu-constructii,,avem deja,https://www.google.ro/search?q=calculator+salariu+constructii+2026
calcul concediu medical 2026,176,afișări GSC × 30/7,,8.1,41,3,salariile.ro/noutati/concediu-medical-2026,,avem deja,https://www.google.ro/search?q=calcul+concediu+medical+2026
salariul minim iulie 2026,176,afișări GSC × 30/7,,5.3,41,0,salariile.ro/salariu-minim,,avem deja,https://www.google.ro/search?q=salariul+minim+iulie+2026
salariu minim net romania 2026,171,afișări GSC × 30/7,,4.3,40,0,salariile.ro/salariu-minim,,avem deja,https://www.google.ro/search?q=salariu+minim+net+romania+2026
concediu medical 2026,171,afișări GSC × 30/7,,9.0,40,0,salariile.ro/noutati/concediu-medical-2026,,avem deja,https://www.google.ro/search?q=concediu+medical+2026
pfa calculator,171,afișări GSC × 30/7,,7.5,40,0,salariile.ro/calculator-pfa,,avem deja,https://www.google.ro/search?q=pfa+calculator
salariu minim pe economie 2024 net,170,SE Ranking,170,10.7,9,0,salariile.ro/,,avem deja,https://www.google.ro/search?q=salariu+minim+pe+economie+2024+net
calculator salarii apex,170,SE Ranking,170,50.0,1,0,salariile.ro/,,avem deja,https://www.google.ro/search?q=calculator+salarii+apex
simulare salarii,170,SE Ranking,170,3.2,4,0,salariile.ro/,,avem deja,https://www.google.ro/search?q=simulare+salarii
calcul salar brut din net,170,SE Ranking,170,4.0,2,0,salariile.ro/,,avem deja,https://www.google.ro/search?q=calcul+salar+brut+din+net
salariul net calcul,170,SE Ranking,170,4.1,28,0,salariile.ro/,,avem deja,https://www.google.ro/search?q=salariul+net+calcul
calculator salarii 2024,170,SE Ranking,170,8.9,13,0,salariile.ro/,,avem deja,https://www.google.ro/search?q=calculator+salarii+2024
calculator salariu pfa,170,SE Ranking,170,9.2,31,0,salariile.ro/calculator-pfa,,avem deja,https://www.google.ro/search?q=calculator+salariu+pfa
salariu net minim,170,SE Ranking,170,4.7,34,0,salariile.ro/,,avem deja,https://www.google.ro/search?q=salariu+net+minim
calendar zile lucratoare,170,SE Ranking,170,7.4,34,0,salariile.ro/zile-lucratoare-2026,,avem deja,https://www.google.ro/search?q=calendar+zile+lucratoare
apex calculator salarii,170,SE Ranking,170,nu apărem,0,0,,,,https://www.google.ro/search?q=apex+calculator+salarii
cat e minimul pe economie net,170,SE Ranking,170,4.8,37,0,salariile.ro/,,avem deja,https://www.google.ro/search?q=cat+e+minimul+pe+economie+net
salariul minim net in romania,170,SE Ranking,170,6.8,20,0,salariile.ro/salariu-minim,,avem deja,https://www.google.ro/search?q=salariul+minim+net+in+romania
cat e minim pe economie,170,SE Ranking,170,5.2,18,0,salariile.ro/salariu-minim,,avem deja,https://www.google.ro/search?q=cat+e+minim+pe+economie
calculator salariu part time,170,SE Ranking,170,3.1,27,2,salariile.ro/calculator-salariu-part-time,,avem deja,https://www.google.ro/search?q=calculator+salariu+part+time
salar mediu romania,170,SE Ranking,170,7.5,4,0,salariile.ro/salariu-mediu,,avem deja,https://www.google.ro/search?q=salar+mediu+romania
calculator impozit salariu,170,SE Ranking,170,4.0,20,0,salariile.ro/,,avem deja,https://www.google.ro/search?q=calculator+impozit+salariu
pfa norma de venit,170,SE Ranking,170,11.0,10,0,salariile.ro/calculator-pfa,,avem deja,https://www.google.ro/search?q=pfa+norma+de+venit
calcul net brut salaire,170,SE Ranking,170,nu apărem,0,0,,,,https://www.google.ro/search?q=calcul+net+brut+salaire
simulare salariu,170,SE Ranking,170,3.0,29,0,salariile.ro/,,avem deja,https://www.google.ro/search?q=simulare+salariu
legea transparentei salariale 2026,167,afișări GSC × 30/7,,4.7,39,0,salariile.ro/noutati/transparenta-salariala-2026,,avem deja,https://www.google.ro/search?q=legea+transparentei+salariale+2026
salariu minim in romania,167,afișări GSC × 30/7,,4.4,39,0,salariile.ro/salariu-minim,,avem deja,https://www.google.ro/search?q=salariu+minim+in+romania
salariu educatoare 2026,167,afișări GSC × 30/7,,3.0,39,3,salariile.ro/calculator-salariu-invatamant,,avem deja,https://www.google.ro/search?q=salariu+educatoare+2026
salariul minim brut pe tara 2026,167,afișări GSC × 30/7,,5.0,39,0,salariile.ro/salariu-minim,,avem deja,https://www.google.ro/search?q=salariul+minim+brut+pe+tara+2026
salariu minim brut pe economie 2026,167,afișări GSC × 30/7,,8.1,39,0,salariile.ro/,,avem deja,https://www.google.ro/search?q=salariu+minim+brut+pe+economie+2026
august zile lucratoare,163,afișări GSC × 30/7,,7.3,38,0,salariile.ro/zile-lucratoare-2026,,avem deja,https://www.google.ro/search?q=august+zile+lucratoare
salariu minim pe economie 2025 net,163,afișări GSC × 30/7,,10.1,38,0,salariile.ro/,,avem deja,https://www.google.ro/search?q=salariu+minim+pe+economie+2025+net
zile libere in 2027,163,afișări GSC × 30/7,,1.6,38,0,salariile.ro/zile-libere-2027,,avem deja,https://www.google.ro/search?q=zile+libere+in+2027
coduri concediu medical 2026,163,afișări GSC × 30/7,,4.3,38,3,salariile.ro/noutati/concediu-medical-2026,,avem deja,https://www.google.ro/search?q=coduri+concediu+medical+2026
calculator salarii romania,163,afișări GSC × 30/7,,3.7,38,0,salariile.ro/,,avem deja,https://www.google.ro/search?q=calculator+salarii+romania
salar net brut,163,afișări GSC × 30/7,,2.9,38,1,salariile.ro/,,avem deja,https://www.google.ro/search?q=salar+net+brut
"""salariul minim 2026""",163,afișări GSC × 30/7,,2.9,38,0,salariile.ro/salariu-mediu,,avem deja,https://www.google.ro/search?q=%22salariul+minim+2026%22
zile nationale libere 2027,163,afișări GSC × 30/7,,7.8,38,0,salariile.ro/zile-libere-2027,,avem deja,https://www.google.ro/search?q=zile+nationale+libere+2027
impozit bonuri de masa 2026,163,afișări GSC × 30/7,,8.3,38,0,salariile.ro/noutati/tichete-de-masa-2026,,avem deja,https://www.google.ro/search?q=impozit+bonuri+de+masa+2026
4325 lei brut in net,163,afișări GSC × 30/7,,2.1,38,0,salariile.ro/calculator/calcul-salariu-net-4325-brut,,avem deja,https://www.google.ro/search?q=4325+lei+brut+in+net
salariul minim brut 2026,159,afișări GSC × 30/7,,4.8,37,2,salariile.ro/salariu-minim,,avem deja,https://www.google.ro/search?q=salariul+minim+brut+2026
salariu minim pe economie 2026 brut si net,159,afișări GSC × 30/7,,4.5,37,1,salariile.ro/,,avem deja,https://www.google.ro/search?q=salariu+minim+pe+economie+2026+brut+si+net
calculator salriu,159,afișări GSC × 30/7,,3.5,37,0,salariile.ro/,,avem deja,https://www.google.ro/search?q=calculator+salriu
grefier salariu,159,afișări GSC × 30/7,,4.8,37,1,salariile.ro/salarii/grefier,,avem deja,https://www.google.ro/search?q=grefier+salariu
norma ore 2026,159,afișări GSC × 30/7,,4.0,37,0,salariile.ro/zile-lucratoare-2026,,avem deja,https://www.google.ro/search?q=norma+ore+2026
deduceri personale 2026,159,afișări GSC × 30/7,,1.2,37,0,salariile.ro/deducere-personala-2026,,avem deja,https://www.google.ro/search?q=deduceri+personale+2026
norma de lucru octombrie 2026,159,afișări GSC × 30/7,,4.7,37,0,salariile.ro/zile-lucratoare-2026,,avem deja,https://www.google.ro/search?q=norma+de+lucru+octombrie+2026
salariu minim pe economie de la 1 iulie 2026,159,afișări GSC × 30/7,,4.0,37,0,salariile.ro/salariu-minim,,avem deja,https://www.google.ro/search?q=salariu+minim+pe+economie+de+la+1+iulie+2026
taxe salariu minim 2026,159,afișări GSC × 30/7,,3.6,37,0,salariile.ro/,,avem deja,https://www.google.ro/search?q=taxe+salariu+minim+2026
brut in net calculator,154,afișări GSC × 30/7,110,3.2,36,1,salariile.ro/,,avem deja,https://www.google.ro/search?q=brut+in+net+calculator
calculator salarii iulie 2026,154,afișări GSC × 30/7,,3.0,36,0,salariile.ro/,,avem deja,https://www.google.ro/search?q=calculator+salarii+iulie+2026
zile libere de la stat 2027,154,afișări GSC × 30/7,,1.0,36,0,salariile.ro/zile-libere-2027,,avem deja,https://www.google.ro/search?q=zile+libere+de+la+stat+2027
calculator salriu net,154,afișări GSC × 30/7,,3.4,36,0,salariile.ro/,,avem deja,https://www.google.ro/search?q=calculator+salriu+net
calendar zile libere legale 2027,154,afișări GSC × 30/7,,8.6,36,3,salariile.ro/zile-libere-2027,,avem deja,https://www.google.ro/search?q=calendar+zile+libere+legale+2027
brut la net 2026,154,afișări GSC × 30/7,,2.9,36,1,salariile.ro/,,avem deja,https://www.google.ro/search?q=brut+la+net+2026
calculator brut net 2026,154,afișări GSC × 30/7,,3.2,36,1,salariile.ro/,,avem deja,https://www.google.ro/search?q=calculator+brut+net+2026
valoare tichet masa 2026,154,afișări GSC × 30/7,,9.2,36,0,salariile.ro/noutati/tichete-de-masa-2026,,avem deja,https://www.google.ro/search?q=valoare+tichet+masa+2026
1900 brut in net,154,afișări GSC × 30/7,,6.1,36,0,salariile.ro/,,avem deja,https://www.google.ro/search?q=1900+brut+in+net
calculator salar brut net,154,afișări GSC × 30/7,,4.1,36,0,salariile.ro/,,avem deja,https://www.google.ro/search?q=calculator+salar+brut+net
ore lucratoare noiembrie 2026,154,afișări GSC × 30/7,,5.0,36,0,salariile.ro/zile-lucratoare-2026,,avem deja,https://www.google.ro/search?q=ore+lucratoare+noiembrie+2026
tabel salariu minim pe economie,150,afișări GSC × 30/7,,6.1,35,1,salariile.ro/salariu-minim,,avem deja,https://www.google.ro/search?q=tabel+salariu+minim+pe+economie
10000 lei brut in net,150,afișări GSC × 30/7,,2.5,35,0,salariile.ro/calculator/calcul-salariu-net-10000-brut,,avem deja,https://www.google.ro/search?q=10000+lei+brut+in+net
sărbători legale 2027,150,afișări GSC × 30/7,,8.6,35,0,salariile.ro/zile-libere-2027,,avem deja,https://www.google.ro/search?q=s%C4%83rb%C4%83tori+legale+2027
salariul minim net pe economie septembrie 2026,150,afișări GSC × 30/7,,3.0,35,2,salariile.ro/,,avem deja,https://www.google.ro/search?q=salariul+minim+net+pe+economie+septembrie+2026
10000 brut in net,150,afișări GSC × 30/7,,3.7,35,1,salariile.ro/calculator/calcul-salariu-net-10000-brut,,avem deja,https://www.google.ro/search?q=10000+brut+in+net
norma ore septembrie 2026,146,afișări GSC × 30/7,,1.9,34,0,salariile.ro/zile-lucratoare-2026,,avem deja,https://www.google.ro/search?q=norma+ore+septembrie+2026
salariu net romania,146,afișări GSC × 30/7,,3.3,34,0,salariile.ro/,,avem deja,https://www.google.ro/search?q=salariu+net+romania
salariu mediu brut pe economie 2026,146,afișări GSC × 30/7,,3.3,34,0,salariile.ro/salariu-mediu,,avem deja,https://www.google.ro/search?q=salariu+mediu+brut+pe+economie+2026
salariu minim constructii iulie 2026,146,afișări GSC × 30/7,,2.7,34,0,salariile.ro/salariu-minim-constructii-2026,,avem deja,https://www.google.ro/search?q=salariu+minim+constructii+iulie+2026
calcul salariu invatamant,146,afișări GSC × 30/7,,2.2,34,3,salariile.ro/calculator-salariu-invatamant,,avem deja,https://www.google.ro/search?q=calcul+salariu+invatamant
cat este minim pe economie 2026,146,afișări GSC × 30/7,,6.3,34,0,salariile.ro/salariu-minim,,avem deja,https://www.google.ro/search?q=cat+este+minim+pe+economie+2026
salariu minim pe economie august 2026,146,afișări GSC × 30/7,,7.6,34,0,salariile.ro/salariu-minim,,avem deja,https://www.google.ro/search?q=salariu+minim+pe+economie+august+2026
brut vs net salariu,146,afișări GSC × 30/7,110,2.7,34,0,salariile.ro/,,avem deja,https://www.google.ro/search?q=brut+vs+net+salariu
impozitare tichete de masa 2026,146,afișări GSC × 30/7,,7.2,34,0,salariile.ro/noutati/tichete-de-masa-2026,,avem deja,https://www.google.ro/search?q=impozitare+tichete+de+masa+2026
salariu brut minim,146,afișări GSC × 30/7,,2.9,34,0,salariile.ro/,,avem deja,https://www.google.ro/search?q=salariu+brut+minim
care este salariu minim pe economie 2026,146,afișări GSC × 30/7,,6.5,34,0,salariile.ro/salariu-minim,,avem deja,https://www.google.ro/search?q=care+este+salariu+minim+pe+economie+2026
tehnician dentar salariu,146,afișări GSC × 30/7,,6.5,34,0,salariile.ro/salarii/tehnician-dentar,,avem deja,https://www.google.ro/search?q=tehnician+dentar+salariu
net salariu,146,afișări GSC × 30/7,,3.1,34,0,salariile.ro/,,avem deja,https://www.google.ro/search?q=net+salariu
grila salarizare ingrijitor gradinita 2026,146,afișări GSC × 30/7,,1.9,34,2,salariile.ro/calculator-salariu-invatamant,,avem deja,https://www.google.ro/search?q=grila+salarizare+ingrijitor+gradinita+2026
octombrie 2026 zile lucratoare,146,afișări GSC × 30/7,,5.6,34,2,salariile.ro/zile-lucratoare-2026,,avem deja,https://www.google.ro/search?q=octombrie+2026+zile+lucratoare
cit este salariu minim pe economie,141,afișări GSC × 30/7,110,6.7,33,0,salariile.ro/salariu-minim,,avem deja,https://www.google.ro/search?q=cit+este+salariu+minim+pe+economie
salariul minim in romania 2026,141,afișări GSC × 30/7,,4.4,33,0,salariile.ro/salariu-minim,,avem deja,https://www.google.ro/search?q=salariul+minim+in+romania+2026
calculator taxe pfa 2026 sistem real,141,afișări GSC × 30/7,,7.7,33,0,salariile.ro/calculator-pfa,,avem deja,https://www.google.ro/search?q=calculator+taxe+pfa+2026+sistem+real
valoarea tichetelor de masa 2026,141,afișări GSC × 30/7,,8.8,33,0,salariile.ro/noutati/tichete-de-masa-2026,,avem deja,https://www.google.ro/search?q=valoarea+tichetelor+de+masa+2026
cod 06 concediu medical 2026,141,afișări GSC × 30/7,,4.3,33,0,salariile.ro/noutati/concediu-medical-2026,,avem deja,https://www.google.ro/search?q=cod+06+concediu+medical+2026
4400 brut in net,141,afișări GSC × 30/7,,9.1,33,0,salariile.ro/,,avem deja,https://www.google.ro/search?q=4400+brut+in+net
tabel deduceri personale 2026,141,afișări GSC × 30/7,,4.3,33,0,salariile.ro/deducere-personala-2026,,avem deja,https://www.google.ro/search?q=tabel+deduceri+personale+2026
calculare salariu brut,141,afișări GSC × 30/7,,3.5,33,0,salariile.ro/,,avem deja,https://www.google.ro/search?q=calculare+salariu+brut
zilele libere 2027,141,afișări GSC × 30/7,,4.3,33,1,salariile.ro/zile-libere-2027,,avem deja,https://www.google.ro/search?q=zilele+libere+2027
care este salariul net minim pe economie,141,afișări GSC × 30/7,,4.5,33,1,salariile.ro/,,avem deja,https://www.google.ro/search?q=care+este+salariul+net+minim+pe+economie
care este venitul net,141,afișări GSC × 30/7,,5.6,33,0,salariile.ro/,,avem deja,https://www.google.ro/search?q=care+este+venitul+net
calculator salariu brut in net,140,SE Ranking,140,3.5,14,0,salariile.ro/,,avem deja,https://www.google.ro/search?q=calculator+salariu+brut+in+net
cat este salariul minim net,140,SE Ranking,140,4.8,28,1,salariile.ro/,,avem deja,https://www.google.ro/search?q=cat+este+salariul+minim+net
salariu constructii,140,SE Ranking,140,3.0,17,0,salariile.ro/salariu-minim-constructii-2026,,avem deja,https://www.google.ro/search?q=salariu+constructii
cat este salariul minim net pe economie,140,SE Ranking,140,4.6,26,0,salariile.ro/,,avem deja,https://www.google.ro/search?q=cat+este+salariul+minim+net+pe+economie
salariu mediu brut romania,140,SE Ranking,140,2.9,16,1,salariile.ro/salariu-mediu,,avem deja,https://www.google.ro/search?q=salariu+mediu+brut+romania
calcul salariu brut la net,140,SE Ranking,140,3.6,11,0,salariile.ro/,,avem deja,https://www.google.ro/search?q=calcul+salariu+brut+la+net
pfa sistem real,140,SE Ranking,140,22.0,1,0,salariile.ro/calculator-pfa,,avem deja,https://www.google.ro/search?q=pfa+sistem+real
venit net minim pe economie,140,SE Ranking,140,4.0,4,0,salariile.ro/,,avem deja,https://www.google.ro/search?q=venit+net+minim+pe+economie
calculator salariu net in brut,140,SE Ranking,140,3.7,10,0,salariile.ro/,,avem deja,https://www.google.ro/search?q=calculator+salariu+net+in+brut
salariu net 3000 cat e brutul,140,SE Ranking,140,2.4,5,0,salariile.ro/calculator/calcul-salariu-brut-3000-net,,avem deja,https://www.google.ro/search?q=salariu+net+3000+cat+e+brutul
calculator online salariu,140,SE Ranking,140,9.0,1,0,salariile.ro/,,avem deja,https://www.google.ro/search?q=calculator+online+salariu
care este salariul minim pe economie net,140,SE Ranking,140,5.0,19,1,salariile.ro/,,avem deja,https://www.google.ro/search?q=care+este+salariul+minim+pe+economie+net
startco calculator,140,SE Ranking,140,nu apărem,0,0,,,,https://www.google.ro/search?q=startco+calculator
pfa in sistem real,140,SE Ranking,140,15.0,3,0,salariile.ro/calculator-pfa,,avem deja,https://www.google.ro/search?q=pfa+in+sistem+real
genereaza fluturas salariu,140,SE Ranking,140,2.5,19,0,salariile.ro/fluturas-salariu,,avem deja,https://www.google.ro/search?q=genereaza+fluturas+salariu
venit minim net,137,afișări GSC × 30/7,,5.2,32,1,salariile.ro/,,avem deja,https://www.google.ro/search?q=venit+minim+net
calcul salariu 2026,137,afișări GSC × 30/7,,2.9,32,1,salariile.ro/,,avem deja,https://www.google.ro/search?q=calcul+salariu+2026
calculator salarii învățământ,137,afișări GSC × 30/7,,2.3,32,0,salariile.ro/calculator-salariu-invatamant,,avem deja,https://www.google.ro/search?q=calculator+salarii+%C3%AEnv%C4%83%C8%9B%C4%83m%C3%A2nt
calcul net brut,137,afișări GSC × 30/7,,2.2,32,2,salariile.ro/,,avem deja,https://www.google.ro/search?q=calcul+net+brut
salariu mediu net romania 2026,137,afișări GSC × 30/7,,6.1,32,1,salariile.ro/salariu-mediu,,avem deja,https://www.google.ro/search?q=salariu+mediu+net+romania+2026
indexarea salariilor,137,afișări GSC × 30/7,,5.6,32,1,salariile.ro/noutati/indexarea-salariului-inflatie-2026,,avem deja,https://www.google.ro/search?q=indexarea+salariilor
noua lege a salarizarii 2026,137,afișări GSC × 30/7,,2.8,32,1,salariile.ro/noutati/legea-salarizarii-2026,,avem deja,https://www.google.ro/search?q=noua+lege+a+salarizarii+2026
valoare bon de masa 2026,137,afișări GSC × 30/7,,6.4,32,0,salariile.ro/noutati/tichete-de-masa-2026,,avem deja,https://www.google.ro/search?q=valoare+bon+de+masa+2026
salariu minim pe economie romania 2026,137,afișări GSC × 30/7,,5.0,32,1,salariile.ro/salariu-minim,,avem deja,https://www.google.ro/search?q=salariu+minim+pe+economie+romania+2026
salariu brut net 2026,137,afișări GSC × 30/7,,3.5,32,3,salariile.ro/,,avem deja,https://www.google.ro/search?q=salariu+brut+net+2026
procente concedii medicale 2026,133,afișări GSC × 30/7,,4.4,31,0,salariile.ro/noutati/concediu-medical-2026,,avem deja,https://www.google.ro/search?q=procente+concedii+medicale+2026
salariul mediu in romania 2026,133,afișări GSC × 30/7,,4.9,31,0,salariile.ro/salariu-mediu,,avem deja,https://www.google.ro/search?q=salariul+mediu+in+romania+2026
cat sunt bonurile de masa 2026,133,afișări GSC × 30/7,,7.1,31,0,salariile.ro/noutati/tichete-de-masa-2026,,avem deja,https://www.google.ro/search?q=cat+sunt+bonurile+de+masa+2026
salariu minim pe economie iunie 2026,133,afișări GSC × 30/7,,3.5,31,1,salariile.ro/salariu-minim,,avem deja,https://www.google.ro/search?q=salariu+minim+pe+economie+iunie+2026
care este salariul minim net pe economie 2026,133,afișări GSC × 30/7,,4.8,31,0,salariile.ro/,,avem deja,https://www.google.ro/search?q=care+este+salariul+minim+net+pe+economie+2026
calcul salariu constructii,133,afișări GSC × 30/7,110,6.8,31,0,salariile.ro/calculator-salariu-constructii,,avem deja,https://www.google.ro/search?q=calcul+salariu+constructii
salariu mediu net pe economie 2026,133,afișări GSC × 30/7,,4.6,31,0,salariile.ro/salariu-mediu,,avem deja,https://www.google.ro/search?q=salariu+mediu+net+pe+economie+2026
minimul pe economie romania,133,afișări GSC × 30/7,,7.5,31,0,salariile.ro/salariu-minim,,avem deja,https://www.google.ro/search?q=minimul+pe+economie+romania
ce salariu are un pompier,133,afișări GSC × 30/7,,8.5,31,0,salariile.ro/salarii/pompier,,avem deja,https://www.google.ro/search?q=ce+salariu+are+un+pompier
norma ore octombrie 2026,133,afișări GSC × 30/7,,5.6,31,0,salariile.ro/zile-lucratoare-2026,,avem deja,https://www.google.ro/search?q=norma+ore+octombrie+2026
salar minim net 2025,129,afișări GSC × 30/7,,11.0,30,0,salariile.ro/,,avem deja,https://www.google.ro/search?q=salar+minim+net+2025
zile lucratoare ianuarie 2026,129,afișări GSC × 30/7,,6.8,30,0,salariile.ro/zile-lucratoare-2026,,avem deja,https://www.google.ro/search?q=zile+lucratoare+ianuarie+2026
concediu medical 2026 procent,129,afișări GSC × 30/7,,4.7,30,0,salariile.ro/noutati/concediu-medical-2026,,avem deja,https://www.google.ro/search?q=concediu+medical+2026+procent
calculator salariu net invatamant,129,afișări GSC × 30/7,,2.2,30,6,salariile.ro/calculator-salariu-invatamant,,avem deja,https://www.google.ro/search?q=calculator+salariu+net+invatamant
5000 brut in net,129,afișări GSC × 30/7,,6.1,30,0,salariile.ro/calculator/calcul-salariu-net-5000-brut,,avem deja,https://www.google.ro/search?q=5000+brut+in+net
salariu minim pe economie ianuarie 2026,129,afișări GSC × 30/7,,6.2,30,0,salariile.ro/salariu-minim,,avem deja,https://www.google.ro/search?q=salariu+minim+pe+economie+ianuarie+2026
salariu net calculator 2026,129,afișări GSC × 30/7,,2.9,30,0,salariile.ro/,,avem deja,https://www.google.ro/search?q=salariu+net+calculator+2026
salariu avocat,129,afișări GSC × 30/7,,6.0,30,0,salariile.ro/salarii/avocat,,avem deja,https://www.google.ro/search?q=salariu+avocat
salariu minim pe economie în românia,129,afișări GSC × 30/7,,6.3,30,0,salariile.ro/salariu-minim,,avem deja,https://www.google.ro/search?q=salariu+minim+pe+economie+%C3%AEn+rom%C3%A2nia
minimu pe economie,129,afișări GSC × 30/7,,4.5,30,0,salariile.ro/salariu-minim,,avem deja,https://www.google.ro/search?q=minimu+pe+economie
salariu minim pe economie iulie 2026 net,129,afișări GSC × 30/7,,2.3,30,0,salariile.ro/salariu-minim,,avem deja,https://www.google.ro/search?q=salariu+minim+pe+economie+iulie+2026+net
cate zile lucratoare sunt in noiembrie 2026,129,afișări GSC × 30/7,,4.8,30,0,salariile.ro/zile-lucratoare-2026,,avem deja,https://www.google.ro/search?q=cate+zile+lucratoare+sunt+in+noiembrie+2026
calculator salarii constructii 2026,129,afișări GSC × 30/7,,3.3,30,0,salariile.ro/calculator-salariu-constructii,,avem deja,https://www.google.ro/search?q=calculator+salarii+constructii+2026
impozit pe salariu 2026,129,afișări GSC × 30/7,,3.0,30,0,salariile.ro/,,avem deja,https://www.google.ro/search?q=impozit+pe+salariu+2026
venitul mediu net pe economie 2026,129,afișări GSC × 30/7,,6.5,30,0,salariile.ro/salariu-mediu,,avem deja,https://www.google.ro/search?q=venitul+mediu+net+pe+economie+2026
zile lucratoare aprilie 2026,129,afișări GSC × 30/7,,6.4,30,0,salariile.ro/zile-lucratoare-2026,,avem deja,https://www.google.ro/search?q=zile+lucratoare+aprilie+2026
minim economie 2026 net,124,afișări GSC × 30/7,,5.0,29,1,salariile.ro/,,avem deja,https://www.google.ro/search?q=minim+economie+2026+net
câte zile lucrătoare are luna septembrie,124,afișări GSC × 30/7,,4.8,29,0,salariile.ro/zile-lucratoare-2026,,avem deja,https://www.google.ro/search?q=c%C3%A2te+zile+lucr%C4%83toare+are+luna+septembrie
zile lucratoare iulie,124,afișări GSC × 30/7,,8.6,29,0,salariile.ro/zile-lucratoare-2026,,avem deja,https://www.google.ro/search?q=zile+lucratoare+iulie
calendar sarbatori legale 2027,124,afișări GSC × 30/7,,7.5,29,0,salariile.ro/zile-libere-2027,,avem deja,https://www.google.ro/search?q=calendar+sarbatori+legale+2027
ore lucrătoare septembrie 2026,124,afișări GSC × 30/7,,2.5,29,0,salariile.ro/zile-lucratoare-2026,,avem deja,https://www.google.ro/search?q=ore+lucr%C4%83toare+septembrie+2026
minimum pe economie,124,afișări GSC × 30/7,,3.4,29,0,salariile.ro/salariu-minim,,avem deja,https://www.google.ro/search?q=minimum+pe+economie
5500 lei brut in net,124,afișări GSC × 30/7,,2.8,29,0,salariile.ro/calculator/calcul-salariu-net-5500-brut,,avem deja,https://www.google.ro/search?q=5500+lei+brut+in+net
salariu net 2026 minim,124,afișări GSC × 30/7,,5.1,29,2,salariile.ro/,,avem deja,https://www.google.ro/search?q=salariu+net+2026+minim
4350 brut in net,124,afișări GSC × 30/7,,9.4,29,0,salariile.ro/,,avem deja,https://www.google.ro/search?q=4350+brut+in+net
cat castiga un avocat in romania,124,afișări GSC × 30/7,,8.4,29,0,salariile.ro/salarii/avocat,,avem deja,https://www.google.ro/search?q=cat+castiga+un+avocat+in+romania
salariu minim in romania 2026,124,afișări GSC × 30/7,,5.5,29,0,salariile.ro/salariu-minim,,avem deja,https://www.google.ro/search?q=salariu+minim+in+romania+2026
zile calendaristice 2026,120,afișări GSC × 30/7,,2.8,28,0,salariile.ro/zile-lucratoare-2026,,avem deja,https://www.google.ro/search?q=zile+calendaristice+2026
ore lucratoare,120,afișări GSC × 30/7,,3.6,28,1,salariile.ro/zile-lucratoare-2026,,avem deja,https://www.google.ro/search?q=ore+lucratoare
salariu in constructii 2026,120,afișări GSC × 30/7,,3.2,28,2,salariile.ro/salariu-minim-constructii-2026,,avem deja,https://www.google.ro/search?q=salariu+in+constructii+2026
cate zile lucratoare sunt in iulie 2026,120,afișări GSC × 30/7,,4.6,28,0,salariile.ro/zile-lucratoare-2026,,avem deja,https://www.google.ro/search?q=cate+zile+lucratoare+sunt+in+iulie+2026
calculator indemnizatie crestere copil,120,SE Ranking,120,nu apărem,0,0,,6,maternitate si crestere copil,https://www.google.ro/search?q=calculator+indemnizatie+crestere+copil
calcul concedii medicale 2026,120,afișări GSC × 30/7,,6.0,28,1,salariile.ro/noutati/concediu-medical-2026,,avem deja,https://www.google.ro/search?q=calcul+concedii+medicale+2026
libere 2027,120,afișări GSC × 30/7,,10.6,28,0,salariile.ro/zile-libere-2027,,avem deja,https://www.google.ro/search?q=libere+2027
salariu registrator medical,120,afișări GSC × 30/7,,8.9,28,0,salariile.ro/salarii/registrator-medical,,avem deja,https://www.google.ro/search?q=salariu+registrator+medical
brut to net calculator,120,afișări GSC × 30/7,,3.8,28,0,salariile.ro/,,avem deja,https://www.google.ro/search?q=brut+to+net+calculator
salariul minim pe economie in romania,120,afișări GSC × 30/7,,7.6,28,0,salariile.ro/salariu-minim,,avem deja,https://www.google.ro/search?q=salariul+minim+pe+economie+in+romania
salariul minim pe economie romania,120,afișări GSC × 30/7,,6.5,28,0,salariile.ro/salariu-minim,,avem deja,https://www.google.ro/search?q=salariul+minim+pe+economie+romania
calculator salarizare 2026,120,afișări GSC × 30/7,,3.9,28,0,salariile.ro/,,avem deja,https://www.google.ro/search?q=calculator+salarizare+2026
salariu calculator romania,120,afișări GSC × 30/7,,3.0,28,1,salariile.ro/,,avem deja,https://www.google.ro/search?q=salariu+calculator+romania
calcul indemnizatie crestere copil,120,SE Ranking,120,nu apărem,0,0,,7,maternitate si crestere copil,https://www.google.ro/search?q=calcul+indemnizatie+crestere+copil
minimul pe economie in romania,120,afișări GSC × 30/7,,7.7,28,0,salariile.ro/salariu-minim,,avem deja,https://www.google.ro/search?q=minimul+pe+economie+in+romania
cât este minimul pe economie în românia,120,afișări GSC × 30/7,,7.6,28,0,salariile.ro/salariu-minim,,avem deja,https://www.google.ro/search?q=c%C3%A2t+este+minimul+pe+economie+%C3%AEn+rom%C3%A2nia
edenred zile lucratoare 2026,116,afișări GSC × 30/7,,9.0,27,0,salariile.ro/zile-lucratoare-2026,,avem deja,https://www.google.ro/search?q=edenred+zile+lucratoare+2026
calculator salariu 6 ore,116,afișări GSC × 30/7,,4.5,27,0,salariile.ro/calculator-salariu-part-time,,avem deja,https://www.google.ro/search?q=calculator+salariu+6+ore
zile lucratoare luna octombrie 2026,116,afișări GSC × 30/7,,4.9,27,0,salariile.ro/zile-lucratoare-2026,,avem deja,https://www.google.ro/search?q=zile+lucratoare+luna+octombrie+2026
cat ii minimul pe economie 2026,116,afișări GSC × 30/7,,5.7,27,0,salariile.ro/salariu-minim,,avem deja,https://www.google.ro/search?q=cat+ii+minimul+pe+economie+2026
ianuarie zile lucratoare,116,afișări GSC × 30/7,,6.0,27,0,salariile.ro/zile-lucratoare-2026,,avem deja,https://www.google.ro/search?q=ianuarie+zile+lucratoare
brut minim pe economie,116,afișări GSC × 30/7,,4.1,27,1,salariile.ro/,,avem deja,https://www.google.ro/search?q=brut+minim+pe+economie
zile lucratoare februarie,116,afișări GSC × 30/7,,9.0,27,0,salariile.ro/zile-lucratoare-2026,,avem deja,https://www.google.ro/search?q=zile+lucratoare+februarie
minimul net pe economie 2026,116,afișări GSC × 30/7,,5.3,27,0,salariile.ro/salariu-minim,,avem deja,https://www.google.ro/search?q=minimul+net+pe+economie+2026
salariu minim pe economie in constructii 2026,116,afișări GSC × 30/7,,5.1,27,0,salariile.ro/salariu-minim-constructii-2026,,avem deja,https://www.google.ro/search?q=salariu+minim+pe+economie+in+constructii+2026
9400 brut in net,116,afișări GSC × 30/7,,9.1,27,0,salariile.ro/,,avem deja,https://www.google.ro/search?q=9400+brut+in+net
cat este salariul minim brut in 2026,116,afișări GSC × 30/7,,6.2,27,0,salariile.ro/,,avem deja,https://www.google.ro/search?q=cat+este+salariul+minim+brut+in+2026
4500 net in brut,116,afișări GSC × 30/7,,8.7,27,0,salariile.ro/calculator/calcul-salariu-net-4500-brut,,avem deja,https://www.google.ro/search?q=4500+net+in+brut
deducere personala iulie 2026,116,afișări GSC × 30/7,,1.1,27,3,salariile.ro/deducere-personala-2026,,avem deja,https://www.google.ro/search?q=deducere+personala+iulie+2026
calculator salrii,116,afișări GSC × 30/7,,2.3,27,1,salariile.ro/,,avem deja,https://www.google.ro/search?q=calculator+salrii
zile lucratoare pe luna,116,afișări GSC × 30/7,,5.3,27,0,salariile.ro/zile-lucratoare-2026,,avem deja,https://www.google.ro/search?q=zile+lucratoare+pe+luna
calcul salarii invatamant,116,afișări GSC × 30/7,,2.1,27,2,salariile.ro/calculator-salariu-invatamant,,avem deja,https://www.google.ro/search?q=calcul+salarii+invatamant
salariul minim net septembrie 2026,116,afișări GSC × 30/7,,5.3,27,1,salariile.ro/,,avem deja,https://www.google.ro/search?q=salariul+minim+net+septembrie+2026
pfa calculator taxe,116,afișări GSC × 30/7,,9.0,27,0,salariile.ro/calculator-pfa,,avem deja,https://www.google.ro/search?q=pfa+calculator+taxe
cat este venitul minim net pe economie,116,afișări GSC × 30/7,,3.4,27,0,salariile.ro/,,avem deja,https://www.google.ro/search?q=cat+este+venitul+minim+net+pe+economie
zile.lucratoare 2026,116,afișări GSC × 30/7,,4.3,27,0,salariile.ro/zile-lucratoare-2026,,avem deja,https://www.google.ro/search?q=zile.lucratoare+2026
cum se calculeaza salariul net,116,afișări GSC × 30/7,,1.9,27,2,salariile.ro/,,avem deja,https://www.google.ro/search?q=cum+se+calculeaza+salariul+net
6000 net in brut,111,afișări GSC × 30/7,,6.2,26,0,salariile.ro/calculator/calcul-salariu-net-6000-brut,,avem deja,https://www.google.ro/search?q=6000+net+in+brut
salaria.ro 2026,111,afișări GSC × 30/7,,3.3,26,0,salariile.ro/,,avem deja,https://www.google.ro/search?q=salaria.ro+2026
salariul net si brut,111,afișări GSC × 30/7,110,3.0,26,0,salariile.ro/,,avem deja,https://www.google.ro/search?q=salariul+net+si+brut
salar minim brut 2026,111,afișări GSC × 30/7,,6.8,26,0,salariile.ro/salariu-minim,,avem deja,https://www.google.ro/search?q=salar+minim+brut+2026
calculate salariu net,111,afișări GSC × 30/7,,3.5,26,0,salariile.ro/,,avem deja,https://www.google.ro/search?q=calculate+salariu+net
salariul minim pe economie septembrie 2026,111,afișări GSC × 30/7,,3.1,26,0,salariile.ro/,,avem deja,https://www.google.ro/search?q=salariul+minim+pe+economie+septembrie+2026
salarii profesori,111,afișări GSC × 30/7,,5.6,26,2,salariile.ro/calculator-salariu-invatamant,,avem deja,https://www.google.ro/search?q=salarii+profesori
calcul deducere personala 2026,111,afișări GSC × 30/7,,5.5,26,0,salariile.ro/metodologie,,avem deja,https://www.google.ro/search?q=calcul+deducere+personala+2026
salariul minim constructii 2026,111,afișări GSC × 30/7,,3.0,26,0,salariile.ro/salariu-minim-constructii-2026,,avem deja,https://www.google.ro/search?q=salariul+minim+constructii+2026
calendar 2027 sarbatori legale,111,afișări GSC × 30/7,,8.0,26,0,salariile.ro/zile-libere-2027,,avem deja,https://www.google.ro/search?q=calendar+2027+sarbatori+legale
salariul minim net pe economie iulie 2026,111,afișări GSC × 30/7,,5.5,26,0,salariile.ro/salariu-minim,,avem deja,https://www.google.ro/search?q=salariul+minim+net+pe+economie+iulie+2026
4582 brut in net,111,afișări GSC × 30/7,,3.9,26,0,salariile.ro/calculator/calcul-salariu-net-4582-brut,,avem deja,https://www.google.ro/search?q=4582+brut+in+net
calcul salariu profesor,111,afișări GSC × 30/7,,2.5,26,3,salariile.ro/calculator-salariu-invatamant,,avem deja,https://www.google.ro/search?q=calcul+salariu+profesor
cât este salariul minim net,111,afișări GSC × 30/7,,4.7,26,0,salariile.ro/,,avem deja,https://www.google.ro/search?q=c%C3%A2t+este+salariul+minim+net
salar minim brut,111,afișări GSC × 30/7,,5.6,26,0,salariile.ro/salariu-minim,,avem deja,https://www.google.ro/search?q=salar+minim+brut
salariu net constructii 2026,111,afișări GSC × 30/7,,4.2,26,0,salariile.ro/salariu-minim-constructii-2026,,avem deja,https://www.google.ro/search?q=salariu+net+constructii+2026
salariu mediu brut lunar,110,SE Ranking,110,nu apărem,0,0,,,,https://www.google.ro/search?q=salariu+mediu+brut+lunar
salariul mediu net pe economie,110,SE Ranking,110,3.3,3,0,salariile.ro/salariu-mediu,,avem deja,https://www.google.ro/search?q=salariul+mediu+net+pe+economie
salariu minim net 2024,110,SE Ranking,110,15.5,4,0,salariile.ro/,,avem deja,https://www.google.ro/search?q=salariu+minim+net+2024
salariu brut salariu net,110,SE Ranking,110,2.5,16,2,salariile.ro/,,avem deja,https://www.google.ro/search?q=salariu+brut+salariu+net
salariu mediu brut 2023 pentru calcul pensie,110,SE Ranking,110,nu apărem,0,0,,,,https://www.google.ro/search?q=salariu+mediu+brut+2023+pentru+calcul+pensie
salariu mediu brut 2024,110,SE Ranking,110,nu apărem,0,0,,,,https://www.google.ro/search?q=salariu+mediu+brut+2024
calculator salariu brut constructii,110,SE Ranking,110,4.6,13,1,salariile.ro/calculator-salariu-constructii,,avem deja,https://www.google.ro/search?q=calculator+salariu+brut+constructii
calcul salariu de baza,110,SE Ranking,110,4.3,3,0,salariile.ro/,,avem deja,https://www.google.ro/search?q=calcul+salariu+de+baza
calculator impozit pfa,110,SE Ranking,110,11.8,4,0,salariile.ro/calculator-pfa,,avem deja,https://www.google.ro/search?q=calculator+impozit+pfa
salariu minim pe economie calculator,110,SE Ranking,110,3.0,8,0,salariile.ro/,,avem deja,https://www.google.ro/search?q=salariu+minim+pe+economie+calculator
calcul salariu brut constructii,110,SE Ranking,110,6.2,6,0,salariile.ro/calculator-salariu-constructii,,avem deja,https://www.google.ro/search?q=calcul+salariu+brut+constructii
calculator salariu brut la net,110,SE Ranking,110,3.5,13,0,salariile.ro/,,avem deja,https://www.google.ro/search?q=calculator+salariu+brut+la+net
12000 brut in net,110,SE Ranking,110,10.0,2,0,salariile.ro/,,avem deja,https://www.google.ro/search?q=12000+brut+in+net
calculator de salarii,110,SE Ranking,110,3.8,13,0,salariile.ro/,,avem deja,https://www.google.ro/search?q=calculator+de+salarii
simulare salariu net,110,SE Ranking,110,2.7,19,0,salariile.ro/,,avem deja,https://www.google.ro/search?q=simulare+salariu+net
salariu minim pe economie constructii,110,SE Ranking,110,3.9,20,0,salariile.ro/salariu-minim-constructii-2026,,avem deja,https://www.google.ro/search?q=salariu+minim+pe+economie+constructii
salariu de incadrare,110,SE Ranking,110,5.7,14,0,salariile.ro/,,avem deja,https://www.google.ro/search?q=salariu+de+incadrare
cat e salariul minim net,110,SE Ranking,110,4.1,24,0,salariile.ro/,,avem deja,https://www.google.ro/search?q=cat+e+salariul+minim+net
convertor brut net,110,SE Ranking,110,2.5,11,0,salariile.ro/,,avem deja,https://www.google.ro/search?q=convertor+brut+net
cit este salariul minim pe economie,110,SE Ranking,110,4.0,9,0,salariile.ro/salariu-minim,,avem deja,https://www.google.ro/search?q=cit+este+salariul+minim+pe+economie
simulare calcul salariu,110,SE Ranking,110,3.1,24,1,salariile.ro/,,avem deja,https://www.google.ro/search?q=simulare+calcul+salariu
calcul salar brut net,110,SE Ranking,110,3.8,16,2,salariile.ro/,,avem deja,https://www.google.ro/search?q=calcul+salar+brut+net
calculator brut in net,110,SE Ranking,110,3.7,18,0,salariile.ro/,,avem deja,https://www.google.ro/search?q=calculator+brut+in+net
calculator salariu de baza,110,SE Ranking,110,6.8,4,0,salariile.ro/,,avem deja,https://www.google.ro/search?q=calculator+salariu+de+baza
calcul salar brut constructii,110,SE Ranking,110,nu apărem,0,0,,,,https://www.google.ro/search?q=calcul+salar+brut+constructii
fluturasul de salariu,110,SE Ranking,110,4.6,9,0,salariile.ro/fluturas-salariu,,avem deja,https://www.google.ro/search?q=fluturasul+de+salariu
salariu mediu net pe economie,110,SE Ranking,110,3.5,10,1,salariile.ro/salariu-mediu,,avem deja,https://www.google.ro/search?q=salariu+mediu+net+pe+economie
calcul salariu brut din net,110,SE Ranking,110,3.5,22,1,salariile.ro/,,avem deja,https://www.google.ro/search?q=calcul+salariu+brut+din+net
calculator salarii compensatorii,110,SE Ranking,110,nu apărem,0,0,,,,https://www.google.ro/search?q=calculator+salarii+compensatorii
calculator salariu online,110,SE Ranking,110,6.0,2,0,salariile.ro/,,avem deja,https://www.google.ro/search?q=calculator+salariu+online
calculator salariu minim pe economie,110,SE Ranking,110,3.2,12,1,salariile.ro/,,avem deja,https://www.google.ro/search?q=calculator+salariu+minim+pe+economie
calculator salarii online,110,SE Ranking,110,5.0,6,0,salariile.ro/,,avem deja,https://www.google.ro/search?q=calculator+salarii+online
calculeaza net din brut,110,SE Ranking,110,3.5,20,1,salariile.ro/,,avem deja,https://www.google.ro/search?q=calculeaza+net+din+brut
calculator brut la net,110,SE Ranking,110,3.1,8,0,salariile.ro/,,avem deja,https://www.google.ro/search?q=calculator+brut+la+net
calculator salariu net din brut,107,afișări GSC × 30/7,,3.9,25,1,salariile.ro/,,avem deja,https://www.google.ro/search?q=calculator+salariu+net+din+brut
salariu minim net pe economie iulie 2026,107,afișări GSC × 30/7,,5.0,25,0,salariile.ro/salariu-minim,,avem deja,https://www.google.ro/search?q=salariu+minim+net+pe+economie+iulie+2026
norma de lucru septembrie 2026,107,afișări GSC × 30/7,,2.4,25,1,salariile.ro/zile-lucratoare-2026,,avem deja,https://www.google.ro/search?q=norma+de+lucru+septembrie+2026
care este salariul minim net,107,afișări GSC × 30/7,,5.8,25,0,salariile.ro/,,avem deja,https://www.google.ro/search?q=care+este+salariul+minim+net
brut din net,107,afișări GSC × 30/7,,3.2,25,0,salariile.ro/,,avem deja,https://www.google.ro/search?q=brut+din+net
zile legale libere 2027,107,afișări GSC × 30/7,,2.3,25,0,salariile.ro/zile-libere-2027,,avem deja,https://www.google.ro/search?q=zile+legale+libere+2027
salariu brut romania,107,afișări GSC × 30/7,,4.4,25,0,salariile.ro/,,avem deja,https://www.google.ro/search?q=salariu+brut+romania
salariu net pe economie 2026,107,afișări GSC × 30/7,,3.9,25,0,salariile.ro/,,avem deja,https://www.google.ro/search?q=salariu+net+pe+economie+2026
4500 lei brut in net,107,afișări GSC × 30/7,,2.3,25,0,salariile.ro/calculator/calcul-salariu-net-4500-brut,,avem deja,https://www.google.ro/search?q=4500+lei+brut+in+net
net minim pe economie 2026,107,afișări GSC × 30/7,,4.2,25,0,salariile.ro/,,avem deja,https://www.google.ro/search?q=net+minim+pe+economie+2026
minim pe economie net 2026,107,afișări GSC × 30/7,,6.0,25,0,salariile.ro/,,avem deja,https://www.google.ro/search?q=minim+pe+economie+net+2026
calcul brut net 2026,107,afișări GSC × 30/7,,3.2,25,1,salariile.ro/,,avem deja,https://www.google.ro/search?q=calcul+brut+net+2026
cat e salariul minim,107,afișări GSC × 30/7,,4.7,25,0,salariile.ro/salariu-minim,,avem deja,https://www.google.ro/search?q=cat+e+salariul+minim
srl vs pfa,107,afișări GSC × 30/7,,25.6,25,0,salariile.ro/noutati/pfa-sau-srl-2026,,avem deja,https://www.google.ro/search?q=srl+vs+pfa
februarie zile lucratoare,107,afișări GSC × 30/7,,7.0,25,0,salariile.ro/zile-lucratoare-2026,,avem deja,https://www.google.ro/search?q=februarie+zile+lucratoare
salar net minim pe economie,107,afișări GSC × 30/7,,5.1,25,0,salariile.ro/,,avem deja,https://www.google.ro/search?q=salar+net+minim+pe+economie
6000 lei net in brut,107,afișări GSC × 30/7,,5.8,25,0,salariile.ro/calculator/calcul-salariu-net-6000-brut,,avem deja,https://www.google.ro/search?q=6000+lei+net+in+brut
numar zile lucratoare septembrie 2026,107,afișări GSC × 30/7,,1.8,25,0,salariile.ro/zile-lucratoare-2026,,avem deja,https://www.google.ro/search?q=numar+zile+lucratoare+septembrie+2026
7400 brut in net,107,afișări GSC × 30/7,,7.1,25,0,salariile.ro/,,avem deja,https://www.google.ro/search?q=7400+brut+in+net
salariu ingrijire batrani la domiciliu,103,afișări GSC × 30/7,,6.0,24,1,salariile.ro/salarii/ingrijitor-batrani,,avem deja,https://www.google.ro/search?q=salariu+ingrijire+batrani+la+domiciliu
cat plateste un angajator la stat pentru un angajat cu 8 ore,103,afișări GSC × 30/7,,5.5,24,1,salariile.ro/,,avem deja,https://www.google.ro/search?q=cat+plateste+un+angajator+la+stat+pentru+un+angajat+cu+8+ore
salariu minim net iulie 2026,103,afișări GSC × 30/7,,5.5,24,1,salariile.ro/,,avem deja,https://www.google.ro/search?q=salariu+minim+net+iulie+2026
salariu mediu pe economie 2026 net,103,afișări GSC × 30/7,,5.6,24,0,salariile.ro/salariu-mediu,,avem deja,https://www.google.ro/search?q=salariu+mediu+pe+economie+2026+net
7692 brut in net,103,afișări GSC × 30/7,,6.7,24,0,salariile.ro/,,avem deja,https://www.google.ro/search?q=7692+brut+in+net
cat este salariu net minim pe economie,103,afișări GSC × 30/7,,4.0,24,2,salariile.ro/,,avem deja,https://www.google.ro/search?q=cat+este+salariu+net+minim+pe+economie
calculator taxe romania,103,afișări GSC × 30/7,,5.1,24,0,salariile.ro/,,avem deja,https://www.google.ro/search?q=calculator+taxe+romania
cate zile lucratoare sunt in septembrie,103,afișări GSC × 30/7,,4.2,24,0,salariile.ro/zile-lucratoare-2026,,avem deja,https://www.google.ro/search?q=cate+zile+lucratoare+sunt+in+septembrie
salariu minim romania net,103,afișări GSC × 30/7,,7.0,24,0,salariile.ro/salariu-minim,,avem deja,https://www.google.ro/search?q=salariu+minim+romania+net
zile lucratoare martie 2026,103,afișări GSC × 30/7,,6.2,24,0,salariile.ro/zile-lucratoare-2026,,avem deja,https://www.google.ro/search?q=zile+lucratoare+martie+2026
salariul minim romania 2026,103,afișări GSC × 30/7,,2.9,24,1,salariile.ro/salariu-minim,,avem deja,https://www.google.ro/search?q=salariul+minim+romania+2026
venit minim pe economie,103,afișări GSC × 30/7,,5.1,24,0,salariile.ro/salariu-minim,,avem deja,https://www.google.ro/search?q=venit+minim+pe+economie
zile lucrătoare septembrie,103,afișări GSC × 30/7,,4.8,24,0,salariile.ro/zile-lucratoare-2026,,avem deja,https://www.google.ro/search?q=zile+lucr%C4%83toare+septembrie
vezinet ro,103,afișări GSC × 30/7,,3.6,24,0,salariile.ro/calculator-salariu-sanatate,,avem deja,https://www.google.ro/search?q=vezinet+ro
salar minim net 2026,103,afișări GSC × 30/7,,5.4,24,0,salariile.ro/,,avem deja,https://www.google.ro/search?q=salar+minim+net+2026
salarizare invatamant,103,afișări GSC × 30/7,,4.5,24,1,salariile.ro/calculator-salariu-invatamant,,avem deja,https://www.google.ro/search?q=salarizare+invatamant
calculator salariu net iulie 2026,103,afișări GSC × 30/7,,2.3,24,3,salariile.ro/,,avem deja,https://www.google.ro/search?q=calculator+salariu+net+iulie+2026
calculator venit brut,103,afișări GSC × 30/7,,3.8,24,0,salariile.ro/,,avem deja,https://www.google.ro/search?q=calculator+venit+brut
4325,103,afișări GSC × 30/7,,4.3,24,0,salariile.ro/calculator/calcul-salariu-net-4325-brut,,avem deja,https://www.google.ro/search?q=4325
venit net 2026,103,afișări GSC × 30/7,,1.7,24,0,salariile.ro/,,avem deja,https://www.google.ro/search?q=venit+net+2026
salariu profesor grad 1,99,afișări GSC × 30/7,,1.3,23,1,salariile.ro/calculator-salariu-invatamant,,avem deja,https://www.google.ro/search?q=salariu+profesor+grad+1
ore lucratoare iulie 2026,99,afișări GSC × 30/7,,4.2,23,1,salariile.ro/zile-lucratoare-2026,,avem deja,https://www.google.ro/search?q=ore+lucratoare+iulie+2026
salariul minim in constructii de la 1 iulie 2026,99,afișări GSC × 30/7,,1.4,23,1,salariile.ro/salariu-minim-constructii-2026,,avem deja,https://www.google.ro/search?q=salariul+minim+in+constructii+de+la+1+iulie+2026
asistent social salariu,99,afișări GSC × 30/7,,6.8,23,0,salariile.ro/salarii/asistent-social,,avem deja,https://www.google.ro/search?q=asistent+social+salariu
salariu net minim pe economie,99,afișări GSC × 30/7,,4.6,23,0,salariile.ro/,,avem deja,https://www.google.ro/search?q=salariu+net+minim+pe+economie
calculator salarizare,99,afișări GSC × 30/7,,4.9,23,0,salariile.ro/,,avem deja,https://www.google.ro/search?q=calculator+salarizare
zile lucratoare pe an,99,afișări GSC × 30/7,,9.8,23,0,salariile.ro/zile-lucratoare-2026,,avem deja,https://www.google.ro/search?q=zile+lucratoare+pe+an
salariu minim net pe economie septembrie 2026,99,afișări GSC × 30/7,,2.8,23,1,salariile.ro/,,avem deja,https://www.google.ro/search?q=salariu+minim+net+pe+economie+septembrie+2026
calculator salariu profesor 2026,99,afișări GSC × 30/7,,2.1,23,3,salariile.ro/calculator-salariu-invatamant,,avem deja,https://www.google.ro/search?q=calculator+salariu+profesor+2026
salariul minim brut pe economie 2026,99,afișări GSC × 30/7,,6.9,23,0,salariile.ro/,,avem deja,https://www.google.ro/search?q=salariul+minim+brut+pe+economie+2026
salariu part time,99,afișări GSC × 30/7,,9.7,23,1,salariile.ro/calculator-salariu-part-time,,avem deja,https://www.google.ro/search?q=salariu+part+time
2027,99,afișări GSC × 30/7,,9.1,23,0,salariile.ro/zile-libere-2027,,avem deja,https://www.google.ro/search?q=2027
calculator de salariu,99,afișări GSC × 30/7,,3.8,23,1,salariile.ro/,,avem deja,https://www.google.ro/search?q=calculator+de+salariu
salar brut la net,99,afișări GSC × 30/7,,2.7,23,0,salariile.ro/,,avem deja,https://www.google.ro/search?q=salar+brut+la+net
calculator salarii profesori,99,afișări GSC × 30/7,,4.0,23,3,salariile.ro/calculator-salariu-invatamant,,avem deja,https://www.google.ro/search?q=calculator+salarii+profesori
contributii salariu minim 2026,99,afișări GSC × 30/7,,6.3,23,0,salariile.ro/,,avem deja,https://www.google.ro/search?q=contributii+salariu+minim+2026
salar mediu pe economie 2026,99,afișări GSC × 30/7,,1.6,23,0,salariile.ro/salariu-mediu,,avem deja,https://www.google.ro/search?q=salar+mediu+pe+economie+2026
ore lucratoare 2027,99,afișări GSC × 30/7,,5.3,23,0,salariile.ro/zile-lucratoare-2027,,avem deja,https://www.google.ro/search?q=ore+lucratoare+2027
salar brut net calculator,99,afișări GSC × 30/7,,3.5,23,0,salariile.ro/,,avem deja,https://www.google.ro/search?q=salar+brut+net+calculator
deduceri personale de la 1 iulie 2026,99,afișări GSC × 30/7,,1.0,23,5,salariile.ro/deducere-personala-2026,,avem deja,https://www.google.ro/search?q=deduceri+personale+de+la+1+iulie+2026
salariu pompier 2026,99,afișări GSC × 30/7,,5.9,23,0,salariile.ro/salarii/pompier,,avem deja,https://www.google.ro/search?q=salariu+pompier+2026
cod 01 concediu medical 2026,99,afișări GSC × 30/7,,5.2,23,1,salariile.ro/noutati/concediu-medical-2026,,avem deja,https://www.google.ro/search?q=cod+01+concediu+medical+2026
cat e minim pe economie 2026 net,99,afișări GSC × 30/7,,4.8,23,1,salariile.ro/,,avem deja,https://www.google.ro/search?q=cat+e+minim+pe+economie+2026+net
septembrie 2026 zile lucratoare,99,afișări GSC × 30/7,,3.6,23,0,salariile.ro/zile-lucratoare-2026,,avem deja,https://www.google.ro/search?q=septembrie+2026+zile+lucratoare
cât e salariul minim pe economie net,94,afișări GSC × 30/7,,5.2,22,0,salariile.ro/,,avem deja,https://www.google.ro/search?q=c%C3%A2t+e+salariul+minim+pe+economie+net
tnl octombrie 2026,94,afișări GSC × 30/7,,5.3,22,0,salariile.ro/zile-lucratoare-2026,,avem deja,https://www.google.ro/search?q=tnl+octombrie+2026
norma de ore 2026,94,afișări GSC × 30/7,,3.7,22,1,salariile.ro/zile-lucratoare-2026,,avem deja,https://www.google.ro/search?q=norma+de+ore+2026
7000 ron brut in net,94,afișări GSC × 30/7,,3.5,22,0,salariile.ro/calculator/calcul-salariu-net-7000-brut,,avem deja,https://www.google.ro/search?q=7000+ron+brut+in+net
legea salarizarii unitare 2026,94,afișări GSC × 30/7,,1.0,22,2,salariile.ro/noutati/legea-salarizarii-2026,,avem deja,https://www.google.ro/search?q=legea+salarizarii+unitare+2026
care e salariul minim net pe economie,94,afișări GSC × 30/7,,4.3,22,0,salariile.ro/,,avem deja,https://www.google.ro/search?q=care+e+salariul+minim+net+pe+economie
ce salariu are un jandarm,94,afișări GSC × 30/7,,6.2,22,0,salariile.ro/salarii/jandarm,,avem deja,https://www.google.ro/search?q=ce+salariu+are+un+jandarm
calculator invatamant,94,afișări GSC × 30/7,,2.1,22,1,salariile.ro/calculator-salariu-invatamant,,avem deja,https://www.google.ro/search?q=calculator+invatamant
norma luna septembrie 2026,94,afișări GSC × 30/7,,3.2,22,0,salariile.ro/zile-lucratoare-2026,,avem deja,https://www.google.ro/search?q=norma+luna+septembrie+2026
salarii profesori 2026,94,afișări GSC × 30/7,,6.0,22,0,salariile.ro/calculator-salariu-invatamant,,avem deja,https://www.google.ro/search?q=salarii+profesori+2026
4450 brut in net,94,afișări GSC × 30/7,,9.0,22,0,salariile.ro/,,avem deja,https://www.google.ro/search?q=4450+brut+in+net
zile lucratoare in august 2026,94,afișări GSC × 30/7,,4.0,22,0,salariile.ro/zile-lucratoare-2026,,avem deja,https://www.google.ro/search?q=zile+lucratoare+in+august+2026
salariu minim net in romania,94,afișări GSC × 30/7,,6.0,22,0,salariile.ro/salariu-minim,,avem deja,https://www.google.ro/search?q=salariu+minim+net+in+romania
salariu brut 4325 cat este netul,94,afișări GSC × 30/7,,1.7,22,0,salariile.ro/calculator/calcul-salariu-net-4325-brut,,avem deja,https://www.google.ro/search?q=salariu+brut+4325+cat+este+netul
ore lucrate septembrie 2026,94,afișări GSC × 30/7,,3.0,22,0,salariile.ro/zile-lucratoare-2026,,avem deja,https://www.google.ro/search?q=ore+lucrate+septembrie+2026
ore lucratoare septembrie,94,afișări GSC × 30/7,,3.5,22,0,salariile.ro/zile-lucratoare-2026,,avem deja,https://www.google.ro/search?q=ore+lucratoare+septembrie
salariu judecator,94,afișări GSC × 30/7,,7.2,22,0,salariile.ro/salarii/judecator,,avem deja,https://www.google.ro/search?q=salariu+judecator
brut in lei,94,afișări GSC × 30/7,,2.9,22,0,salariile.ro/,,avem deja,https://www.google.ro/search?q=brut+in+lei
minim economie,94,afișări GSC × 30/7,,3.0,22,0,salariile.ro/salariu-minim,,avem deja,https://www.google.ro/search?q=minim+economie
zile lucratoare ianuarie,94,afișări GSC × 30/7,,11.0,22,0,salariile.ro/zile-lucratoare-2026,,avem deja,https://www.google.ro/search?q=zile+lucratoare+ianuarie
calculator salarial,94,afișări GSC × 30/7,,3.3,22,0,salariile.ro/,,avem deja,https://www.google.ro/search?q=calculator+salarial
ce salariu are un registrator medical,94,afișări GSC × 30/7,,8.5,22,0,salariile.ro/salarii/registrator-medical,,avem deja,https://www.google.ro/search?q=ce+salariu+are+un+registrator+medical
care e salariul minim pe economie net,90,afișări GSC × 30/7,,6.2,21,0,salariile.ro/salariu-minim,,avem deja,https://www.google.ro/search?q=care+e+salariul+minim+pe+economie+net
cat e minimul pe economie in romania,90,afișări GSC × 30/7,,6.4,21,0,salariile.ro/salariu-minim,,avem deja,https://www.google.ro/search?q=cat+e+minimul+pe+economie+in+romania
l445/2026,90,afișări GSC × 30/7,,3.0,21,2,salariile.ro/noutati/transparenta-salariala-2026,,avem deja,https://www.google.ro/search?q=l445%2F2026
registrator medical debutant salariu,90,afișări GSC × 30/7,,2.2,21,1,salariile.ro/salarii/registrator-medical,,avem deja,https://www.google.ro/search?q=registrator+medical+debutant+salariu
zile lucratoare an 2026,90,afișări GSC × 30/7,,4.8,21,0,salariile.ro/zile-lucratoare-2026,,avem deja,https://www.google.ro/search?q=zile+lucratoare+an+2026
calcul salariul net,90,afișări GSC × 30/7,,3.8,21,0,salariile.ro/,,avem deja,https://www.google.ro/search?q=calcul+salariul+net
salariul minim pe economie romania 2026,90,afișări GSC × 30/7,,5.6,21,0,salariile.ro/salariu-minim,,avem deja,https://www.google.ro/search?q=salariul+minim+pe+economie+romania+2026
zile lucratoare decembrie,90,afișări GSC × 30/7,,9.0,21,0,salariile.ro/zile-lucratoare-2026,,avem deja,https://www.google.ro/search?q=zile+lucratoare+decembrie
nr zile lucratoare septembrie 2026,90,afișări GSC × 30/7,,2.5,21,0,salariile.ro/zile-lucratoare-2026,,avem deja,https://www.google.ro/search?q=nr+zile+lucratoare+septembrie+2026
ce valoare au tichetele de masa in 2026?,90,afișări GSC × 30/7,,9.3,21,0,salariile.ro/noutati/tichete-de-masa-2026,,avem deja,https://www.google.ro/search?q=ce+valoare+au+tichetele+de+masa+in+2026%3F
minimul pe economie net 2026,90,afișări GSC × 30/7,,4.9,21,0,salariile.ro/,,avem deja,https://www.google.ro/search?q=minimul+pe+economie+net+2026
net to brut salariu,90,afișări GSC × 30/7,,2.8,21,0,salariile.ro/,,avem deja,https://www.google.ro/search?q=net+to+brut+salariu
salarii rezidenti 2026,90,afișări GSC × 30/7,,7.0,21,0,salariile.ro/salarii/medic-rezident,,avem deja,https://www.google.ro/search?q=salarii+rezidenti+2026
calcul salariu net brut,90,afișări GSC × 30/7,,3.3,21,1,salariile.ro/,,avem deja,https://www.google.ro/search?q=calcul+salariu+net+brut
cat este salariul minim pe economie in romania,90,afișări GSC × 30/7,,6.3,21,0,salariile.ro/salariu-minim,,avem deja,https://www.google.ro/search?q=cat+este+salariul+minim+pe+economie+in+romania
venit mediu net lunar pe membru de familie,90,afișări GSC × 30/7,,3.1,21,0,salariile.ro/salariu-mediu,,avem deja,https://www.google.ro/search?q=venit+mediu+net+lunar+pe+membru+de+familie
calcul salarial 2026,90,afișări GSC × 30/7,,3.0,21,0,salariile.ro/,,avem deja,https://www.google.ro/search?q=calcul+salarial+2026
zile lucrătoare decembrie 2026,90,afișări GSC × 30/7,,7.4,21,0,salariile.ro/zile-lucratoare-2026,,avem deja,https://www.google.ro/search?q=zile+lucr%C4%83toare+decembrie+2026
salariu calculator net,90,afișări GSC × 30/7,,3.7,21,1,salariile.ro/,,avem deja,https://www.google.ro/search?q=salariu+calculator+net
ce salariu,90,afișări GSC × 30/7,,4.0,21,0,salariile.ro/,,avem deja,https://www.google.ro/search?q=ce+salariu
zile lucratoare iunie,90,afișări GSC × 30/7,,10.2,21,0,salariile.ro/zile-lucratoare-2026,,avem deja,https://www.google.ro/search?q=zile+lucratoare+iunie
net calculator,90,afișări GSC × 30/7,,2.5,21,2,salariile.ro/,,avem deja,https://www.google.ro/search?q=net+calculator
minim pe economie iulie 2026,90,afișări GSC × 30/7,,5.6,21,0,salariile.ro/salariu-minim,,avem deja,https://www.google.ro/search?q=minim+pe+economie+iulie+2026
salar mediu brut pe economie 2026,90,afișări GSC × 30/7,,2.8,21,0,salariile.ro/salariu-mediu,,avem deja,https://www.google.ro/search?q=salar+mediu+brut+pe+economie+2026
salariu net minim pe economie 2025,90,afișări GSC × 30/7,,7.2,21,0,salariile.ro/,,avem deja,https://www.google.ro/search?q=salariu+net+minim+pe+economie+2025
salariu minim net 2025,90,afișări GSC × 30/7,,10.5,21,0,salariile.ro/,,avem deja,https://www.google.ro/search?q=salariu+minim+net+2025
venit minim pe economie 2026,90,afișări GSC × 30/7,,8.4,21,0,salariile.ro/salariu-minim,,avem deja,https://www.google.ro/search?q=venit+minim+pe+economie+2026
salariu sofer ambulanta,90,afișări GSC × 30/7,,5.6,21,1,salariile.ro/salarii/sofer-ambulanta,,avem deja,https://www.google.ro/search?q=salariu+sofer+ambulanta
care este minimul pe economie in romania,90,afișări GSC × 30/7,,7.1,21,0,salariile.ro/salariu-minim,,avem deja,https://www.google.ro/search?q=care+este+minimul+pe+economie+in+romania
transparenta salariala romania,90,afișări GSC × 30/7,,2.6,21,0,salariile.ro/noutati/transparenta-salariala-2026,,avem deja,https://www.google.ro/search?q=transparenta+salariala+romania
convertor salariu brut in net,90,afișări GSC × 30/7,,3.0,21,2,salariile.ro/,,avem deja,https://www.google.ro/search?q=convertor+salariu+brut+in+net
salarii grefieri 2026,90,afișări GSC × 30/7,,6.4,21,1,salariile.ro/salarii/grefier,,avem deja,https://www.google.ro/search?q=salarii+grefieri+2026
salariu educatoare,90,afișări GSC × 30/7,,4.1,21,1,salariile.ro/calculator-salariu-invatamant,,avem deja,https://www.google.ro/search?q=salariu+educatoare
cat e minimul pe economie net 2026,90,afișări GSC × 30/7,,3.9,21,0,salariile.ro/,,avem deja,https://www.google.ro/search?q=cat+e+minimul+pe+economie+net+2026
cate ore lucratoare sunt in octombrie 2026,86,afișări GSC × 30/7,,5.2,20,0,salariile.ro/zile-lucratoare-2026,,avem deja,https://www.google.ro/search?q=cate+ore+lucratoare+sunt+in+octombrie+2026
calcul salriu net,86,afișări GSC × 30/7,,3.1,20,0,salariile.ro/,,avem deja,https://www.google.ro/search?q=calcul+salriu+net
cate zile lucratoare sunt in anul 2026,86,afișări GSC × 30/7,,3.5,20,0,salariile.ro/zile-lucratoare-2026,,avem deja,https://www.google.ro/search?q=cate+zile+lucratoare+sunt+in+anul+2026
lista salariu mediu brut,86,afișări GSC × 30/7,,3.1,20,0,salariile.ro/salariu-mediu,,avem deja,https://www.google.ro/search?q=lista+salariu+mediu+brut
5900 brut in net,86,afișări GSC × 30/7,,8.1,20,0,salariile.ro/,,avem deja,https://www.google.ro/search?q=5900+brut+in+net
salariu minim net septembrie 2026,86,afișări GSC × 30/7,,4.5,20,0,salariile.ro/,,avem deja,https://www.google.ro/search?q=salariu+minim+net+septembrie+2026
salariu minim pe economie constructii 2026,86,afișări GSC × 30/7,,3.5,20,0,salariile.ro/salariu-minim-constructii-2026,,avem deja,https://www.google.ro/search?q=salariu+minim+pe+economie+constructii+2026
care este salariu minim pe economie,86,afișări GSC × 30/7,,7.5,20,1,salariile.ro/salariu-minim,,avem deja,https://www.google.ro/search?q=care+este+salariu+minim+pe+economie
cât este salariul net pe economie,86,afișări GSC × 30/7,,4.1,20,2,salariile.ro/,,avem deja,https://www.google.ro/search?q=c%C3%A2t+este+salariul+net+pe+economie
cate ore lucratoare are luna septembrie 2026,86,afișări GSC × 30/7,,1.4,20,0,salariile.ro/zile-lucratoare-2026,,avem deja,https://www.google.ro/search?q=cate+ore+lucratoare+are+luna+septembrie+2026
salariul minim net romania,86,afișări GSC × 30/7,,6.2,20,0,salariile.ro/,,avem deja,https://www.google.ro/search?q=salariul+minim+net+romania
valoare tichet de masa 2026,86,afișări GSC × 30/7,,8.2,20,0,salariile.ro/noutati/tichete-de-masa-2026,,avem deja,https://www.google.ro/search?q=valoare+tichet+de+masa+2026
ce înseamnă salariul net,86,afișări GSC × 30/7,,4.3,20,1,salariile.ro/,,avem deja,https://www.google.ro/search?q=ce+%C3%AEnseamn%C4%83+salariul+net
salarul minim pe economie,86,afișări GSC × 30/7,,6.3,20,2,salariile.ro/salariu-minim,,avem deja,https://www.google.ro/search?q=salarul+minim+pe+economie
lucrătoare,86,afișări GSC × 30/7,,8.9,20,0,salariile.ro/zile-lucratoare-2026,,avem deja,https://www.google.ro/search?q=lucr%C4%83toare
salariu minim august 2026,86,afișări GSC × 30/7,,2.2,20,0,salariile.ro/salariu-minim,,avem deja,https://www.google.ro/search?q=salariu+minim+august+2026
5000 lei brut in net,86,afișări GSC × 30/7,,4.8,20,0,salariile.ro/calculator/calcul-salariu-net-5000-brut,,avem deja,https://www.google.ro/search?q=5000+lei+brut+in+net
plata concedii medicale 2026,86,afișări GSC × 30/7,,8.4,20,1,salariile.ro/noutati/concediu-medical-2026,,avem deja,https://www.google.ro/search?q=plata+concedii+medicale+2026
6600 lei brut in net,86,afișări GSC × 30/7,,8.4,20,0,salariile.ro/,,avem deja,https://www.google.ro/search?q=6600+lei+brut+in+net
cat ii minimul pe economie 2026 net,86,afișări GSC × 30/7,,4.2,20,0,salariile.ro/salariu-minim,,avem deja,https://www.google.ro/search?q=cat+ii+minimul+pe+economie+2026+net
ce inseamna brut si net,86,afișări GSC × 30/7,,8.5,20,0,salariile.ro/,,avem deja,https://www.google.ro/search?q=ce+inseamna+brut+si+net
salariul minim pe economie 2026 net si brut,86,afișări GSC × 30/7,,4.9,20,1,salariile.ro/,,avem deja,https://www.google.ro/search?q=salariul+minim+pe+economie+2026+net+si+brut
taxe pfa 2023 sistem real,86,afișări GSC × 30/7,,6.4,20,0,salariile.ro/calculator-pfa,,avem deja,https://www.google.ro/search?q=taxe+pfa+2023+sistem+real
